utterance_id,intent,base_phrase_id,split,seed,ESTADO
U0001,licencia_funcionamiento_requisitos,licencia_funcionamiento_requisitos__b1,train,42,SIMULADO — datos de prueba; no son hallazgos de campo
U0002,licencia_funcionamiento_requisitos,licencia_funcionamiento_requisitos__b1,train,42,SIMULADO — datos de prueba; no son hallazgos de campo
U0003,licencia_funcionamiento_requisitos,licencia_funcionamiento_requisitos__b1,train,42,SIMULADO — datos de prueba; no son hallazgos de campo
U0004,licencia_funcionamiento_requisitos,licencia_funcionamiento_requisitos__b2,train,42,SIMULADO — datos de prueba; no son hallazgos de campo
U0005,licencia_funcionamiento_requisitos,licencia_funcionamiento_requisitos__b2,train,42,SIMULADO — datos de prueba; no son hallazgos de campo
U0006,licencia_funcionamiento_requisitos,licencia_funcionamiento_requisitos__b2,train,42,SIMULADO — datos de prueba; no son hallazgos de campo
U0007,licencia_funcionamiento_requisitos,licencia_funcionamiento_requisitos__b3,train,42,SIMULADO — datos de prueba; no son hallazgos de campo
U0008,licencia_funcionamiento_requisitos,licencia_funcionamiento_requisitos__b3,train,42,SIMULADO — datos de prueba; no son hallazgos de campo
U0009,licencia_funcionamiento_requisitos,licencia_funcionamiento_requisitos__b3,train,42,SIMULADO — datos de prueba; no son hallazgos de campo
U0010,licencia_funcionamiento_requisitos,licencia_funcionamiento_requisitos__b4,train,42,SIMULADO — datos de prueba; no son hallazgos de campo
U0011,licencia_funcionamiento_requisitos,licencia_funcionamiento_requisitos__b4,train,42,SIMULADO — datos de prueba; no son hallazgos de campo
U0012,licencia_funcionamiento_requisitos,licencia_funcionamiento_requisitos__b4,train,42,SIMULADO — datos de prueba; no son hallazgos de campo
U0013,licencia_funcionamiento_costo,licencia_funcionamiento_costo__b1,train,42,SIMULADO — datos de prueba; no son hallazgos de campo
U0014,licencia_funcionamiento_costo,licencia_funcionamiento_costo__b1,train,42,SIMULADO — datos de prueba; no son hallazgos de campo
U0015,licencia_funcionamiento_costo,licencia_funcionamiento_costo__b1,train,42,SIMULADO — datos de prueba; no son hallazgos de campo
U0016,licencia_funcionamiento_costo,licencia_funcionamiento_costo__b2,train,42,SIMULADO — datos de prueba; no son hallazgos de campo
U0017,licencia_funcionamiento_costo,licencia_funcionamiento_costo__b2,train,42,SIMULADO — datos de prueba; no son hallazgos de campo
U0018,licencia_funcionamiento_costo,licencia_funcionamiento_costo__b2,train,42,SIMULADO — datos de prueba; no son hallazgos de campo
U0019,licencia_funcionamiento_costo,licencia_funcionamiento_costo__b3,train,42,SIMULADO — datos de prueba; no son hallazgos de campo
U0020,licencia_funcionamiento_costo,licencia_funcionamiento_costo__b3,train,42,SIMULADO — datos de prueba; no son hallazgos de campo
U0021,licencia_funcionamiento_costo,licencia_funcionamiento_costo__b3,train,42,SIMULADO — datos de prueba; no son hallazgos de campo
U0022,licencia_funcionamiento_costo,licencia_funcionamiento_costo__b4,train,42,SIMULADO — datos de prueba; no son hallazgos de campo
U0023,licencia_funcionamiento_costo,licencia_funcionamiento_costo__b4,train,42,SIMULADO — datos de prueba; no son hallazgos de campo
U0024,licencia_funcionamiento_costo,licencia_funcionamiento_costo__b4,train,42,SIMULADO — datos de prueba; no son hallazgos de campo
U0025,licencia_funcionamiento_plazo,licencia_funcionamiento_plazo__b1,train,42,SIMULADO — datos de prueba; no son hallazgos de campo
U0026,licencia_funcionamiento_plazo,licencia_funcionamiento_plazo__b1,train,42,SIMULADO — datos de prueba; no son hallazgos de campo
U0027,licencia_funcionamiento_plazo,licencia_funcionamiento_plazo__b1,train,42,SIMULADO — datos de prueba; no son hallazgos de campo
U0028,licencia_funcionamiento_plazo,licencia_funcionamiento_plazo__b2,train,42,SIMULADO — datos de prueba; no son hallazgos de campo
U0029,licencia_funcionamiento_plazo,licencia_funcionamiento_plazo__b2,train,42,SIMULADO — datos de prueba; no son hallazgos de campo
U0030,licencia_funcionamiento_plazo,licencia_funcionamiento_plazo__b2,train,42,SIMULADO — datos de prueba; no son hallazgos de campo
U0031,licencia_funcionamiento_plazo,licencia_funcionamiento_plazo__b3,train,42,SIMULADO — datos de prueba; no son hallazgos de campo
U0032,licencia_funcionamiento_plazo,licencia_funcionamiento_plazo__b3,train,42,SIMULADO — datos de prueba; no son hallazgos de campo
U0033,licencia_funcionamiento_plazo,licencia_funcionamiento_plazo__b3,train,42,SIMULADO — datos de prueba; no son hallazgos de campo
U0034,licencia_funcionamiento_plazo,licencia_funcionamiento_plazo__b4,train,42,SIMULADO — datos de prueba; no son hallazgos de campo
U0035,licencia_funcionamiento_plazo,licencia_funcionamiento_plazo__b4,train,42,SIMULADO — datos de prueba; no son hallazgos de campo
U0036,licencia_funcionamiento_plazo,licencia_funcionamiento_plazo__b4,train,42,SIMULADO — datos de prueba; no son hallazgos de campo
U0037,licencia_edificacion_requisitos,licencia_edificacion_requisitos__b1,train,42,SIMULADO — datos de prueba; no son hallazgos de campo
U0038,licencia_edificacion_requisitos,licencia_edificacion_requisitos__b1,train,42,SIMULADO — datos de prueba; no son hallazgos de campo
U0039,licencia_edificacion_requisitos,licencia_edificacion_requisitos__b1,train,42,SIMULADO — datos de prueba; no son hallazgos de campo
U0040,licencia_edificacion_requisitos,licencia_edificacion_requisitos__b2,train,42,SIMULADO — datos de prueba; no son hallazgos de campo
U0041,licencia_edificacion_requisitos,licencia_edificacion_requisitos__b2,train,42,SIMULADO — datos de prueba; no son hallazgos de campo
U0042,licencia_edificacion_requisitos,licencia_edificacion_requisitos__b2,train,42,SIMULADO — datos de prueba; no son hallazgos de campo
U0043,licencia_edificacion_requisitos,licencia_edificacion_requisitos__b3,train,42,SIMULADO — datos de prueba; no son hallazgos de campo
U0044,licencia_edificacion_requisitos,licencia_edificacion_requisitos__b3,train,42,SIMULADO — datos de prueba; no son hallazgos de campo
U0045,licencia_edificacion_requisitos,licencia_edificacion_requisitos__b3,train,42,SIMULADO — datos de prueba; no son hallazgos de campo
U0046,licencia_edificacion_requisitos,licencia_edificacion_requisitos__b4,train,42,SIMULADO — datos de prueba; no son hallazgos de campo
U0047,licencia_edificacion_requisitos,licencia_edificacion_requisitos__b4,train,42,SIMULADO — datos de prueba; no son hallazgos de campo
U0048,licencia_edificacion_requisitos,licencia_edificacion_requisitos__b4,train,42,SIMULADO — datos de prueba; no son hallazgos de campo
U0049,licencia_edificacion_costo,licencia_edificacion_costo__b1,train,42,SIMULADO — datos de prueba; no son hallazgos de campo
U0050,licencia_edificacion_costo,licencia_edificacion_costo__b1,train,42,SIMULADO — datos de prueba; no son hallazgos de campo
U0051,licencia_edificacion_costo,licencia_edificacion_costo__b1,train,42,SIMULADO — datos de prueba; no son hallazgos de campo
U0052,licencia_edificacion_costo,licencia_edificacion_costo__b2,train,42,SIMULADO — datos de prueba; no son hallazgos de campo
U0053,licencia_edificacion_costo,licencia_edificacion_costo__b2,train,42,SIMULADO — datos de prueba; no son hallazgos de campo
U0054,licencia_edificacion_costo,licencia_edificacion_costo__b2,train,42,SIMULADO — datos de prueba; no son hallazgos de campo
U0055,licencia_edificacion_costo,licencia_edificacion_costo__b3,train,42,SIMULADO — datos de prueba; no son hallazgos de campo
U0056,licencia_edificacion_costo,licencia_edificacion_costo__b3,train,42,SIMULADO — datos de prueba; no son hallazgos de campo
U0057,licencia_edificacion_costo,licencia_edificacion_costo__b3,train,42,SIMULADO — datos de prueba; no son hallazgos de campo
U0058,licencia_edificacion_costo,licencia_edificacion_costo__b4,train,42,SIMULADO — datos de prueba; no son hallazgos de campo
U0059,licencia_edificacion_costo,licencia_edificacion_costo__b4,train,42,SIMULADO — datos de prueba; no son hallazgos de campo
U0060,licencia_edificacion_costo,licencia_edificacion_costo__b4,train,42,SIMULADO — datos de prueba; no son hallazgos de campo
U0061,renovacion_licencia,renovacion_licencia__b1,train,42,SIMULADO — datos de prueba; no son hallazgos de campo
U0062,renovacion_licencia,renovacion_licencia__b1,train,42,SIMULADO — datos de prueba; no son hallazgos de campo
U0063,renovacion_licencia,renovacion_licencia__b1,train,42,SIMULADO — datos de prueba; no son hallazgos de campo
U0064,renovacion_licencia,renovacion_licencia__b2,train,42,SIMULADO — datos de prueba; no son hallazgos de campo
U0065,renovacion_licencia,renovacion_licencia__b2,train,42,SIMULADO — datos de prueba; no son hallazgos de campo
U0066,renovacion_licencia,renovacion_licencia__b2,train,42,SIMULADO — datos de prueba; no son hallazgos de campo
U0067,renovacion_licencia,renovacion_licencia__b3,train,42,SIMULADO — datos de prueba; no son hallazgos de campo
U0068,renovacion_licencia,renovacion_licencia__b3,train,42,SIMULADO — datos de prueba; no son hallazgos de campo
U0069,renovacion_licencia,renovacion_licencia__b3,train,42,SIMULADO — datos de prueba; no son hallazgos de campo
U0070,renovacion_licencia,renovacion_licencia__b4,train,42,SIMULADO — datos de prueba; no son hallazgos de campo
U0071,renovacion_licencia,renovacion_licencia__b4,train,42,SIMULADO — datos de prueba; no son hallazgos de campo
U0072,renovacion_licencia,renovacion_licencia__b4,train,42,SIMULADO — datos de prueba; no son hallazgos de campo
U0073,consulta_deuda_predial,consulta_deuda_predial__b1,train,42,SIMULADO — datos de prueba; no son hallazgos de campo
U0074,consulta_deuda_predial,consulta_deuda_predial__b1,train,42,SIMULADO — datos de prueba; no son hallazgos de campo
U0075,consulta_deuda_predial,consulta_deuda_predial__b1,train,42,SIMULADO — datos de prueba; no son hallazgos de campo
U0076,consulta_deuda_predial,consulta_deuda_predial__b2,train,42,SIMULADO — datos de prueba; no son hallazgos de campo
U0077,consulta_deuda_predial,consulta_deuda_predial__b2,train,42,SIMULADO — datos de prueba; no son hallazgos de campo
U0078,consulta_deuda_predial,consulta_deuda_predial__b2,train,42,SIMULADO — datos de prueba; no son hallazgos de campo
U0079,consulta_deuda_predial,consulta_deuda_predial__b3,train,42,SIMULADO — datos de prueba; no son hallazgos de campo
U0080,consulta_deuda_predial,consulta_deuda_predial__b3,train,42,SIMULADO — datos de prueba; no son hallazgos de campo
U0081,consulta_deuda_predial,consulta_deuda_predial__b3,train,42,SIMULADO — datos de prueba; no son hallazgos de campo
U0082,consulta_deuda_predial,consulta_deuda_predial__b4,train,42,SIMULADO — datos de prueba; no son hallazgos de campo
U0083,consulta_deuda_predial,consulta_deuda_predial__b4,train,42,SIMULADO — datos de prueba; no son hallazgos de campo
U0084,consulta_deuda_predial,consulta_deuda_predial__b4,train,42,SIMULADO — datos de prueba; no son hallazgos de campo
U0085,pago_predial_como,pago_predial_como__b1,train,42,SIMULADO — datos de prueba; no son hallazgos de campo
U0086,pago_predial_como,pago_predial_como__b1,train,42,SIMULADO — datos de prueba; no son hallazgos de campo
U0087,pago_predial_como,pago_predial_como__b1,train,42,SIMULADO — datos de prueba; no son hallazgos de campo
U0088,pago_predial_como,pago_predial_como__b2,train,42,SIMULADO — datos de prueba; no son hallazgos de campo
U0089,pago_predial_como,pago_predial_como__b2,train,42,SIMULADO — datos de prueba; no son hallazgos de campo
U0090,pago_predial_como,pago_predial_como__b2,train,42,SIMULADO — datos de prueba; no son hallazgos de campo
U0091,pago_predial_como,pago_predial_como__b3,train,42,SIMULADO — datos de prueba; no son hallazgos de campo
U0092,pago_predial_como,pago_predial_como__b3,train,42,SIMULADO — datos de prueba; no son hallazgos de campo
U0093,pago_predial_como,pago_predial_como__b3,train,42,SIMULADO — datos de prueba; no son hallazgos de campo
U0094,pago_predial_como,pago_predial_como__b4,train,42,SIMULADO — datos de prueba; no son hallazgos de campo
U0095,pago_predial_como,pago_predial_como__b4,train,42,SIMULADO — datos de prueba; no son hallazgos de campo
U0096,pago_predial_como,pago_predial_como__b4,train,42,SIMULADO — datos de prueba; no son hallazgos de campo
U0097,pago_arbitrios,pago_arbitrios__b1,train,42,SIMULADO — datos de prueba; no son hallazgos de campo
U0098,pago_arbitrios,pago_arbitrios__b1,train,42,SIMULADO — datos de prueba; no son hallazgos de campo
U0099,pago_arbitrios,pago_arbitrios__b1,train,42,SIMULADO — datos de prueba; no son hallazgos de campo
U0100,pago_arbitrios,pago_arbitrios__b2,train,42,SIMULADO — datos de prueba; no son hallazgos de campo
U0101,pago_arbitrios,pago_arbitrios__b2,train,42,SIMULADO — datos de prueba; no son hallazgos de campo
U0102,pago_arbitrios,pago_arbitrios__b2,train,42,SIMULADO — datos de prueba; no son hallazgos de campo
U0103,pago_arbitrios,pago_arbitrios__b3,train,42,SIMULADO — datos de prueba; no son hallazgos de campo
U0104,pago_arbitrios,pago_arbitrios__b3,train,42,SIMULADO — datos de prueba; no son hallazgos de campo
U0105,pago_arbitrios,pago_arbitrios__b3,train,42,SIMULADO — datos de prueba; no son hallazgos de campo
U0106,pago_arbitrios,pago_arbitrios__b4,train,42,SIMULADO — datos de prueba; no son hallazgos de campo
U0107,pago_arbitrios,pago_arbitrios__b4,train,42,SIMULADO — datos de prueba; no son hallazgos de campo
U0108,pago_arbitrios,pago_arbitrios__b4,train,42,SIMULADO — datos de prueba; no son hallazgos de campo
U0109,impuesto_alcabala,impuesto_alcabala__b1,train,42,SIMULADO — datos de prueba; no son hallazgos de campo
U0110,impuesto_alcabala,impuesto_alcabala__b1,train,42,SIMULADO — datos de prueba; no son hallazgos de campo
U0111,impuesto_alcabala,impuesto_alcabala__b1,train,42,SIMULADO — datos de prueba; no son hallazgos de campo
U0112,impuesto_alcabala,impuesto_alcabala__b2,train,42,SIMULADO — datos de prueba; no son hallazgos de campo
U0113,impuesto_alcabala,impuesto_alcabala__b2,train,42,SIMULADO — datos de prueba; no son hallazgos de campo
U0114,impuesto_alcabala,impuesto_alcabala__b2,train,42,SIMULADO — datos de prueba; no son hallazgos de campo
U0115,impuesto_alcabala,impuesto_alcabala__b3,train,42,SIMULADO — datos de prueba; no son hallazgos de campo
U0116,impuesto_alcabala,impuesto_alcabala__b3,train,42,SIMULADO — datos de prueba; no son hallazgos de campo
U0117,impuesto_alcabala,impuesto_alcabala__b3,train,42,SIMULADO — datos de prueba; no son hallazgos de campo
U0118,impuesto_alcabala,impuesto_alcabala__b4,train,42,SIMULADO — datos de prueba; no son hallazgos de campo
U0119,impuesto_alcabala,impuesto_alcabala__b4,train,42,SIMULADO — datos de prueba; no son hallazgos de campo
U0120,impuesto_alcabala,impuesto_alcabala__b4,train,42,SIMULADO — datos de prueba; no son hallazgos de campo
U0121,fraccionamiento_deuda,fraccionamiento_deuda__b1,train,42,SIMULADO — datos de prueba; no son hallazgos de campo
U0122,fraccionamiento_deuda,fraccionamiento_deuda__b1,train,42,SIMULADO — datos de prueba; no son hallazgos de campo
U0123,fraccionamiento_deuda,fraccionamiento_deuda__b1,train,42,SIMULADO — datos de prueba; no son hallazgos de campo
U0124,fraccionamiento_deuda,fraccionamiento_deuda__b2,train,42,SIMULADO — datos de prueba; no son hallazgos de campo
U0125,fraccionamiento_deuda,fraccionamiento_deuda__b2,train,42,SIMULADO — datos de prueba; no son hallazgos de campo
U0126,fraccionamiento_deuda,fraccionamiento_deuda__b2,train,42,SIMULADO — datos de prueba; no son hallazgos de campo
U0127,fraccionamiento_deuda,fraccionamiento_deuda__b3,train,42,SIMULADO — datos de prueba; no son hallazgos de campo
U0128,fraccionamiento_deuda,fraccionamiento_deuda__b3,train,42,SIMULADO — datos de prueba; no son hallazgos de campo
U0129,fraccionamiento_deuda,fraccionamiento_deuda__b3,train,42,SIMULADO — datos de prueba; no son hallazgos de campo
U0130,fraccionamiento_deuda,fraccionamiento_deuda__b4,train,42,SIMULADO — datos de prueba; no son hallazgos de campo
U0131,fraccionamiento_deuda,fraccionamiento_deuda__b4,train,42,SIMULADO — datos de prueba; no son hallazgos de campo
U0132,fraccionamiento_deuda,fraccionamiento_deuda__b4,train,42,SIMULADO — datos de prueba; no son hallazgos de campo
U0133,constancia_no_adeudo,constancia_no_adeudo__b1,train,42,SIMULADO — datos de prueba; no son hallazgos de campo
U0134,constancia_no_adeudo,constancia_no_adeudo__b1,train,42,SIMULADO — datos de prueba; no son hallazgos de campo
U0135,constancia_no_adeudo,constancia_no_adeudo__b1,train,42,SIMULADO — datos de prueba; no son hallazgos de campo
U0136,constancia_no_adeudo,constancia_no_adeudo__b2,train,42,SIMULADO — datos de prueba; no son hallazgos de campo
U0137,constancia_no_adeudo,constancia_no_adeudo__b2,train,42,SIMULADO — datos de prueba; no son hallazgos de campo
U0138,constancia_no_adeudo,constancia_no_adeudo__b2,train,42,SIMULADO — datos de prueba; no son hallazgos de campo
U0139,constancia_no_adeudo,constancia_no_adeudo__b3,train,42,SIMULADO — datos de prueba; no son hallazgos de campo
U0140,constancia_no_adeudo,constancia_no_adeudo__b3,train,42,SIMULADO — datos de prueba; no son hallazgos de campo
U0141,constancia_no_adeudo,constancia_no_adeudo__b3,train,42,SIMULADO — datos de prueba; no son hallazgos de campo
U0142,constancia_no_adeudo,constancia_no_adeudo__b4,train,42,SIMULADO — datos de prueba; no son hallazgos de campo
U0143,constancia_no_adeudo,constancia_no_adeudo__b4,train,42,SIMULADO — datos de prueba; no son hallazgos de campo
U0144,constancia_no_adeudo,constancia_no_adeudo__b4,train,42,SIMULADO — datos de prueba; no son hallazgos de campo
U0145,requisitos_mesa_partes,requisitos_mesa_partes__b1,train,42,SIMULADO — datos de prueba; no son hallazgos de campo
U0146,requisitos_mesa_partes,requisitos_mesa_partes__b1,train,42,SIMULADO — datos de prueba; no son hallazgos de campo
U0147,requisitos_mesa_partes,requisitos_mesa_partes__b1,train,42,SIMULADO — datos de prueba; no son hallazgos de campo
U0148,requisitos_mesa_partes,requisitos_mesa_partes__b2,train,42,SIMULADO — datos de prueba; no son hallazgos de campo
U0149,requisitos_mesa_partes,requisitos_mesa_partes__b2,train,42,SIMULADO — datos de prueba; no son hallazgos de campo
U0150,requisitos_mesa_partes,requisitos_mesa_partes__b2,train,42,SIMULADO — datos de prueba; no son hallazgos de campo
U0151,requisitos_mesa_partes,requisitos_mesa_partes__b3,train,42,SIMULADO — datos de prueba; no son hallazgos de campo
U0152,requisitos_mesa_partes,requisitos_mesa_partes__b3,train,42,SIMULADO — datos de prueba; no son hallazgos de campo
U0153,requisitos_mesa_partes,requisitos_mesa_partes__b3,train,42,SIMULADO — datos de prueba; no son hallazgos de campo
U0154,requisitos_mesa_partes,requisitos_mesa_partes__b4,train,42,SIMULADO — datos de prueba; no son hallazgos de campo
U0155,requisitos_mesa_partes,requisitos_mesa_partes__b4,train,42,SIMULADO — datos de prueba; no son hallazgos de campo
U0156,requisitos_mesa_partes,requisitos_mesa_partes__b4,train,42,SIMULADO — datos de prueba; no son hallazgos de campo
U0157,estado_tramite,estado_tramite__b1,train,42,SIMULADO — datos de prueba; no son hallazgos de campo
U0158,estado_tramite,estado_tramite__b1,train,42,SIMULADO — datos de prueba; no son hallazgos de campo
U0159,estado_tramite,estado_tramite__b1,train,42,SIMULADO — datos de prueba; no son hallazgos de campo
U0160,estado_tramite,estado_tramite__b2,train,42,SIMULADO — datos de prueba; no son hallazgos de campo
U0161,estado_tramite,estado_tramite__b2,train,42,SIMULADO — datos de prueba; no son hallazgos de campo
U0162,estado_tramite,estado_tramite__b2,train,42,SIMULADO — datos de prueba; no son hallazgos de campo
U0163,estado_tramite,estado_tramite__b3,train,42,SIMULADO — datos de prueba; no son hallazgos de campo
U0164,estado_tramite,estado_tramite__b3,train,42,SIMULADO — datos de prueba; no son hallazgos de campo
U0165,estado_tramite,estado_tramite__b3,train,42,SIMULADO — datos de prueba; no son hallazgos de campo
U0166,estado_tramite,estado_tramite__b4,train,42,SIMULADO — datos de prueba; no son hallazgos de campo
U0167,estado_tramite,estado_tramite__b4,train,42,SIMULADO — datos de prueba; no son hallazgos de campo
U0168,estado_tramite,estado_tramite__b4,train,42,SIMULADO — datos de prueba; no son hallazgos de campo
U0169,horario_mesa_partes,horario_mesa_partes__b1,train,42,SIMULADO — datos de prueba; no son hallazgos de campo
U0170,horario_mesa_partes,horario_mesa_partes__b1,train,42,SIMULADO — datos de prueba; no son hallazgos de campo
U0171,horario_mesa_partes,horario_mesa_partes__b1,train,42,SIMULADO — datos de prueba; no son hallazgos de campo
U0172,horario_mesa_partes,horario_mesa_partes__b2,train,42,SIMULADO — datos de prueba; no son hallazgos de campo
U0173,horario_mesa_partes,horario_mesa_partes__b2,train,42,SIMULADO — datos de prueba; no son hallazgos de campo
U0174,horario_mesa_partes,horario_mesa_partes__b2,train,42,SIMULADO — datos de prueba; no son hallazgos de campo
U0175,horario_mesa_partes,horario_mesa_partes__b3,train,42,SIMULADO — datos de prueba; no son hallazgos de campo
U0176,horario_mesa_partes,horario_mesa_partes__b3,train,42,SIMULADO — datos de prueba; no son hallazgos de campo
U0177,horario_mesa_partes,horario_mesa_partes__b3,train,42,SIMULADO — datos de prueba; no son hallazgos de campo
U0178,horario_mesa_partes,horario_mesa_partes__b4,train,42,SIMULADO — datos de prueba; no son hallazgos de campo
U0179,horario_mesa_partes,horario_mesa_partes__b4,train,42,SIMULADO — datos de prueba; no son hallazgos de campo
U0180,horario_mesa_partes,horario_mesa_partes__b4,train,42,SIMULADO — datos de prueba; no son hallazgos de campo
U0181,copia_documento,copia_documento__b1,train,42,SIMULADO — datos de prueba; no son hallazgos de campo
U0182,copia_documento,copia_documento__b1,train,42,SIMULADO — datos de prueba; no son hallazgos de campo
U0183,copia_documento,copia_documento__b1,train,42,SIMULADO — datos de prueba; no son hallazgos de campo
U0184,copia_documento,copia_documento__b2,train,42,SIMULADO — datos de prueba; no son hallazgos de campo
U0185,copia_documento,copia_documento__b2,train,42,SIMULADO — datos de prueba; no son hallazgos de campo
U0186,copia_documento,copia_documento__b2,train,42,SIMULADO — datos de prueba; no son hallazgos de campo
U0187,copia_documento,copia_documento__b3,train,42,SIMULADO — datos de prueba; no son hallazgos de campo
U0188,copia_documento,copia_documento__b3,train,42,SIMULADO — datos de prueba; no son hallazgos de campo
U0189,copia_documento,copia_documento__b3,train,42,SIMULADO — datos de prueba; no son hallazgos de campo
U0190,copia_documento,copia_documento__b4,train,42,SIMULADO — datos de prueba; no son hallazgos de campo
U0191,copia_documento,copia_documento__b4,train,42,SIMULADO — datos de prueba; no son hallazgos de campo
U0192,copia_documento,copia_documento__b4,train,42,SIMULADO — datos de prueba; no son hallazgos de campo
U0193,certificado_posesion,certificado_posesion__b1,train,42,SIMULADO — datos de prueba; no son hallazgos de campo
U0194,certificado_posesion,certificado_posesion__b1,train,42,SIMULADO — datos de prueba; no son hallazgos de campo
U0195,certificado_posesion,certificado_posesion__b1,train,42,SIMULADO — datos de prueba; no son hallazgos de campo
U0196,certificado_posesion,certificado_posesion__b2,train,42,SIMULADO — datos de prueba; no son hallazgos de campo
U0197,certificado_posesion,certificado_posesion__b2,train,42,SIMULADO — datos de prueba; no son hallazgos de campo
U0198,certificado_posesion,certificado_posesion__b2,train,42,SIMULADO — datos de prueba; no son hallazgos de campo
U0199,certificado_posesion,certificado_posesion__b3,train,42,SIMULADO — datos de prueba; no son hallazgos de campo
U0200,certificado_posesion,certificado_posesion__b3,train,42,SIMULADO — datos de prueba; no son hallazgos de campo
U0201,certificado_posesion,certificado_posesion__b3,train,42,SIMULADO — datos de prueba; no son hallazgos de campo
U0202,certificado_posesion,certificado_posesion__b4,train,42,SIMULADO — datos de prueba; no son hallazgos de campo
U0203,certificado_posesion,certificado_posesion__b4,train,42,SIMULADO — datos de prueba; no son hallazgos de campo
U0204,certificado_posesion,certificado_posesion__b4,train,42,SIMULADO — datos de prueba; no son hallazgos de campo
U0205,constancia_domiciliaria,constancia_domiciliaria__b1,train,42,SIMULADO — datos de prueba; no son hallazgos de campo
U0206,constancia_domiciliaria,constancia_domiciliaria__b1,train,42,SIMULADO — datos de prueba; no son hallazgos de campo
U0207,constancia_domiciliaria,constancia_domiciliaria__b1,train,42,SIMULADO — datos de prueba; no son hallazgos de campo
U0208,constancia_domiciliaria,constancia_domiciliaria__b2,train,42,SIMULADO — datos de prueba; no son hallazgos de campo
U0209,constancia_domiciliaria,constancia_domiciliaria__b2,train,42,SIMULADO — datos de prueba; no son hallazgos de campo
U0210,constancia_domiciliaria,constancia_domiciliaria__b2,train,42,SIMULADO — datos de prueba; no son hallazgos de campo
U0211,constancia_domiciliaria,constancia_domiciliaria__b3,train,42,SIMULADO — datos de prueba; no son hallazgos de campo
U0212,constancia_domiciliaria,constancia_domiciliaria__b3,train,42,SIMULADO — datos de prueba; no son hallazgos de campo
U0213,constancia_domiciliaria,constancia_domiciliaria__b3,train,42,SIMULADO — datos de prueba; no son hallazgos de campo
U0214,constancia_domiciliaria,constancia_domiciliaria__b4,train,42,SIMULADO — datos de prueba; no son hallazgos de campo
U0215,constancia_domiciliaria,constancia_domiciliaria__b4,train,42,SIMULADO — datos de prueba; no son hallazgos de campo
U0216,constancia_domiciliaria,constancia_domiciliaria__b4,train,42,SIMULADO — datos de prueba; no son hallazgos de campo
U0217,certificado_defensa_civil,certificado_defensa_civil__b1,train,42,SIMULADO — datos de prueba; no son hallazgos de campo
U0218,certificado_defensa_civil,certificado_defensa_civil__b1,train,42,SIMULADO — datos de prueba; no son hallazgos de campo
U0219,certificado_defensa_civil,certificado_defensa_civil__b1,train,42,SIMULADO — datos de prueba; no son hallazgos de campo
U0220,certificado_defensa_civil,certificado_defensa_civil__b2,train,42,SIMULADO — datos de prueba; no son hallazgos de campo
U0221,certificado_defensa_civil,certificado_defensa_civil__b2,train,42,SIMULADO — datos de prueba; no son hallazgos de campo
U0222,certificado_defensa_civil,certificado_defensa_civil__b2,train,42,SIMULADO — datos de prueba; no son hallazgos de campo
U0223,certificado_defensa_civil,certificado_defensa_civil__b3,train,42,SIMULADO — datos de prueba; no son hallazgos de campo
U0224,certificado_defensa_civil,certificado_defensa_civil__b3,train,42,SIMULADO — datos de prueba; no son hallazgos de campo
U0225,certificado_defensa_civil,certificado_defensa_civil__b3,train,42,SIMULADO — datos de prueba; no son hallazgos de campo
U0226,certificado_defensa_civil,certificado_defensa_civil__b4,train,42,SIMULADO — datos de prueba; no son hallazgos de campo
U0227,certificado_defensa_civil,certificado_defensa_civil__b4,train,42,SIMULADO — datos de prueba; no son hallazgos de campo
U0228,certificado_defensa_civil,certificado_defensa_civil__b4,train,42,SIMULADO — datos de prueba; no son hallazgos de campo
U0229,inspeccion_tecnica,inspeccion_tecnica__b1,train,42,SIMULADO — datos de prueba; no son hallazgos de campo
U0230,inspeccion_tecnica,inspeccion_tecnica__b1,train,42,SIMULADO — datos de prueba; no son hallazgos de campo
U0231,inspeccion_tecnica,inspeccion_tecnica__b1,train,42,SIMULADO — datos de prueba; no son hallazgos de campo
U0232,inspeccion_tecnica,inspeccion_tecnica__b2,train,42,SIMULADO — datos de prueba; no son hallazgos de campo
U0233,inspeccion_tecnica,inspeccion_tecnica__b2,train,42,SIMULADO — datos de prueba; no son hallazgos de campo
U0234,inspeccion_tecnica,inspeccion_tecnica__b2,train,42,SIMULADO — datos de prueba; no son hallazgos de campo
U0235,inspeccion_tecnica,inspeccion_tecnica__b3,train,42,SIMULADO — datos de prueba; no son hallazgos de campo
U0236,inspeccion_tecnica,inspeccion_tecnica__b3,train,42,SIMULADO — datos de prueba; no son hallazgos de campo
U0237,inspeccion_tecnica,inspeccion_tecnica__b3,train,42,SIMULADO — datos de prueba; no son hallazgos de campo
U0238,inspeccion_tecnica,inspeccion_tecnica__b4,train,42,SIMULADO — datos de prueba; no son hallazgos de campo
U0239,inspeccion_tecnica,inspeccion_tecnica__b4,train,42,SIMULADO — datos de prueba; no son hallazgos de campo
U0240,inspeccion_tecnica,inspeccion_tecnica__b4,train,42,SIMULADO — datos de prueba; no son hallazgos de campo
U0241,requisitos_defensa_civil,requisitos_defensa_civil__b1,train,42,SIMULADO — datos de prueba; no son hallazgos de campo
U0242,requisitos_defensa_civil,requisitos_defensa_civil__b1,train,42,SIMULADO — datos de prueba; no son hallazgos de campo
U0243,requisitos_defensa_civil,requisitos_defensa_civil__b1,train,42,SIMULADO — datos de prueba; no son hallazgos de campo
U0244,requisitos_defensa_civil,requisitos_defensa_civil__b2,train,42,SIMULADO — datos de prueba; no son hallazgos de campo
U0245,requisitos_defensa_civil,requisitos_defensa_civil__b2,train,42,SIMULADO — datos de prueba; no son hallazgos de campo
U0246,requisitos_defensa_civil,requisitos_defensa_civil__b2,train,42,SIMULADO — datos de prueba; no son hallazgos de campo
U0247,requisitos_defensa_civil,requisitos_defensa_civil__b3,train,42,SIMULADO — datos de prueba; no son hallazgos de campo
U0248,requisitos_defensa_civil,requisitos_defensa_civil__b3,train,42,SIMULADO — datos de prueba; no son hallazgos de campo
U0249,requisitos_defensa_civil,requisitos_defensa_civil__b3,train,42,SIMULADO — datos de prueba; no son hallazgos de campo
U0250,requisitos_defensa_civil,requisitos_defensa_civil__b4,train,42,SIMULADO — datos de prueba; no son hallazgos de campo
U0251,requisitos_defensa_civil,requisitos_defensa_civil__b4,train,42,SIMULADO — datos de prueba; no son hallazgos de campo
U0252,requisitos_defensa_civil,requisitos_defensa_civil__b4,train,42,SIMULADO — datos de prueba; no son hallazgos de campo
U0253,denuncia_seguridad_ciudadana,denuncia_seguridad_ciudadana__b1,train,42,SIMULADO — datos de prueba; no son hallazgos de campo
U0254,denuncia_seguridad_ciudadana,denuncia_seguridad_ciudadana__b1,train,42,SIMULADO — datos de prueba; no son hallazgos de campo
U0255,denuncia_seguridad_ciudadana,denuncia_seguridad_ciudadana__b1,train,42,SIMULADO — datos de prueba; no son hallazgos de campo
U0256,denuncia_seguridad_ciudadana,denuncia_seguridad_ciudadana__b2,train,42,SIMULADO — datos de prueba; no son hallazgos de campo
U0257,denuncia_seguridad_ciudadana,denuncia_seguridad_ciudadana__b2,train,42,SIMULADO — datos de prueba; no son hallazgos de campo
U0258,denuncia_seguridad_ciudadana,denuncia_seguridad_ciudadana__b2,train,42,SIMULADO — datos de prueba; no son hallazgos de campo
U0259,denuncia_seguridad_ciudadana,denuncia_seguridad_ciudadana__b3,train,42,SIMULADO — datos de prueba; no son hallazgos de campo
U0260,denuncia_seguridad_ciudadana,denuncia_seguridad_ciudadana__b3,train,42,SIMULADO — datos de prueba; no son hallazgos de campo
U0261,denuncia_seguridad_ciudadana,denuncia_seguridad_ciudadana__b3,train,42,SIMULADO — datos de prueba; no son hallazgos de campo
U0262,denuncia_seguridad_ciudadana,denuncia_seguridad_ciudadana__b4,train,42,SIMULADO — datos de prueba; no son hallazgos de campo
U0263,denuncia_seguridad_ciudadana,denuncia_seguridad_ciudadana__b4,train,42,SIMULADO — datos de prueba; no son hallazgos de campo
U0264,denuncia_seguridad_ciudadana,denuncia_seguridad_ciudadana__b4,train,42,SIMULADO — datos de prueba; no son hallazgos de campo
U0265,serenazgo_contacto,serenazgo_contacto__b1,train,42,SIMULADO — datos de prueba; no son hallazgos de campo
U0266,serenazgo_contacto,serenazgo_contacto__b1,train,42,SIMULADO — datos de prueba; no son hallazgos de campo
U0267,serenazgo_contacto,serenazgo_contacto__b1,train,42,SIMULADO — datos de prueba; no son hallazgos de campo
U0268,serenazgo_contacto,serenazgo_contacto__b2,train,42,SIMULADO — datos de prueba; no son hallazgos de campo
U0269,serenazgo_contacto,serenazgo_contacto__b2,train,42,SIMULADO — datos de prueba; no son hallazgos de campo
U0270,serenazgo_contacto,serenazgo_contacto__b2,train,42,SIMULADO — datos de prueba; no son hallazgos de campo
U0271,serenazgo_contacto,serenazgo_contacto__b3,train,42,SIMULADO — datos de prueba; no son hallazgos de campo
U0272,serenazgo_contacto,serenazgo_contacto__b3,train,42,SIMULADO — datos de prueba; no son hallazgos de campo
U0273,serenazgo_contacto,serenazgo_contacto__b3,train,42,SIMULADO — datos de prueba; no son hallazgos de campo
U0274,serenazgo_contacto,serenazgo_contacto__b4,train,42,SIMULADO — datos de prueba; no son hallazgos de campo
U0275,serenazgo_contacto,serenazgo_contacto__b4,train,42,SIMULADO — datos de prueba; no son hallazgos de campo
U0276,serenazgo_contacto,serenazgo_contacto__b4,train,42,SIMULADO — datos de prueba; no son hallazgos de campo
U0277,partida_nacimiento,partida_nacimiento__b1,train,42,SIMULADO — datos de prueba; no son hallazgos de campo
U0278,partida_nacimiento,partida_nacimiento__b1,train,42,SIMULADO — datos de prueba; no son hallazgos de campo
U0279,partida_nacimiento,partida_nacimiento__b1,train,42,SIMULADO — datos de prueba; no son hallazgos de campo
U0280,partida_nacimiento,partida_nacimiento__b2,train,42,SIMULADO — datos de prueba; no son hallazgos de campo
U0281,partida_nacimiento,partida_nacimiento__b2,train,42,SIMULADO — datos de prueba; no son hallazgos de campo
U0282,partida_nacimiento,partida_nacimiento__b2,train,42,SIMULADO — datos de prueba; no son hallazgos de campo
U0283,partida_nacimiento,partida_nacimiento__b3,train,42,SIMULADO — datos de prueba; no son hallazgos de campo
U0284,partida_nacimiento,partida_nacimiento__b3,train,42,SIMULADO — datos de prueba; no son hallazgos de campo
U0285,partida_nacimiento,partida_nacimiento__b3,train,42,SIMULADO — datos de prueba; no son hallazgos de campo
U0286,partida_nacimiento,partida_nacimiento__b4,train,42,SIMULADO — datos de prueba; no son hallazgos de campo
U0287,partida_nacimiento,partida_nacimiento__b4,train,42,SIMULADO — datos de prueba; no son hallazgos de campo
U0288,partida_nacimiento,partida_nacimiento__b4,train,42,SIMULADO — datos de prueba; no son hallazgos de campo
U0289,partida_matrimonio,partida_matrimonio__b1,train,42,SIMULADO — datos de prueba; no son hallazgos de campo
U0290,partida_matrimonio,partida_matrimonio__b1,train,42,SIMULADO — datos de prueba; no son hallazgos de campo
U0291,partida_matrimonio,partida_matrimonio__b1,train,42,SIMULADO — datos de prueba; no son hallazgos de campo
U0292,partida_matrimonio,partida_matrimonio__b2,train,42,SIMULADO — datos de prueba; no son hallazgos de campo
U0293,partida_matrimonio,partida_matrimonio__b2,train,42,SIMULADO — datos de prueba; no son hallazgos de campo
U0294,partida_matrimonio,partida_matrimonio__b2,train,42,SIMULADO — datos de prueba; no son hallazgos de campo
U0295,partida_matrimonio,partida_matrimonio__b3,train,42,SIMULADO — datos de prueba; no son hallazgos de campo
U0296,partida_matrimonio,partida_matrimonio__b3,train,42,SIMULADO — datos de prueba; no son hallazgos de campo
U0297,partida_matrimonio,partida_matrimonio__b3,train,42,SIMULADO — datos de prueba; no son hallazgos de campo
U0298,partida_matrimonio,partida_matrimonio__b4,train,42,SIMULADO — datos de prueba; no son hallazgos de campo
U0299,partida_matrimonio,partida_matrimonio__b4,train,42,SIMULADO — datos de prueba; no son hallazgos de campo
U0300,partida_matrimonio,partida_matrimonio__b4,train,42,SIMULADO — datos de prueba; no son hallazgos de campo
U0301,partida_defuncion,partida_defuncion__b1,train,42,SIMULADO — datos de prueba; no son hallazgos de campo
U0302,partida_defuncion,partida_defuncion__b1,train,42,SIMULADO — datos de prueba; no son hallazgos de campo
U0303,partida_defuncion,partida_defuncion__b1,train,42,SIMULADO — datos de prueba; no son hallazgos de campo
U0304,partida_defuncion,partida_defuncion__b2,train,42,SIMULADO — datos de prueba; no son hallazgos de campo
U0305,partida_defuncion,partida_defuncion__b2,train,42,SIMULADO — datos de prueba; no son hallazgos de campo
U0306,partida_defuncion,partida_defuncion__b2,train,42,SIMULADO — datos de prueba; no son hallazgos de campo
U0307,partida_defuncion,partida_defuncion__b3,train,42,SIMULADO — datos de prueba; no son hallazgos de campo
U0308,partida_defuncion,partida_defuncion__b3,train,42,SIMULADO — datos de prueba; no son hallazgos de campo
U0309,partida_defuncion,partida_defuncion__b3,train,42,SIMULADO — datos de prueba; no son hallazgos de campo
U0310,partida_defuncion,partida_defuncion__b4,train,42,SIMULADO — datos de prueba; no son hallazgos de campo
U0311,partida_defuncion,partida_defuncion__b4,train,42,SIMULADO — datos de prueba; no son hallazgos de campo
U0312,partida_defuncion,partida_defuncion__b4,train,42,SIMULADO — datos de prueba; no son hallazgos de campo
U0313,rectificacion_partida,rectificacion_partida__b1,train,42,SIMULADO — datos de prueba; no son hallazgos de campo
U0314,rectificacion_partida,rectificacion_partida__b1,train,42,SIMULADO — datos de prueba; no son hallazgos de campo
U0315,rectificacion_partida,rectificacion_partida__b1,train,42,SIMULADO — datos de prueba; no son hallazgos de campo
U0316,rectificacion_partida,rectificacion_partida__b2,train,42,SIMULADO — datos de prueba; no son hallazgos de campo
U0317,rectificacion_partida,rectificacion_partida__b2,train,42,SIMULADO — datos de prueba; no son hallazgos de campo
U0318,rectificacion_partida,rectificacion_partida__b2,train,42,SIMULADO — datos de prueba; no son hallazgos de campo
U0319,rectificacion_partida,rectificacion_partida__b3,train,42,SIMULADO — datos de prueba; no son hallazgos de campo
U0320,rectificacion_partida,rectificacion_partida__b3,train,42,SIMULADO — datos de prueba; no son hallazgos de campo
U0321,rectificacion_partida,rectificacion_partida__b3,train,42,SIMULADO — datos de prueba; no son hallazgos de campo
U0322,rectificacion_partida,rectificacion_partida__b4,train,42,SIMULADO — datos de prueba; no son hallazgos de campo
U0323,rectificacion_partida,rectificacion_partida__b4,train,42,SIMULADO — datos de prueba; no son hallazgos de campo
U0324,rectificacion_partida,rectificacion_partida__b4,train,42,SIMULADO — datos de prueba; no son hallazgos de campo
U0325,requisitos_matrimonio_civil,requisitos_matrimonio_civil__b1,train,42,SIMULADO — datos de prueba; no son hallazgos de campo
U0326,requisitos_matrimonio_civil,requisitos_matrimonio_civil__b1,train,42,SIMULADO — datos de prueba; no son hallazgos de campo
U0327,requisitos_matrimonio_civil,requisitos_matrimonio_civil__b1,train,42,SIMULADO — datos de prueba; no son hallazgos de campo
U0328,requisitos_matrimonio_civil,requisitos_matrimonio_civil__b2,train,42,SIMULADO — datos de prueba; no son hallazgos de campo
U0329,requisitos_matrimonio_civil,requisitos_matrimonio_civil__b2,train,42,SIMULADO — datos de prueba; no son hallazgos de campo
U0330,requisitos_matrimonio_civil,requisitos_matrimonio_civil__b2,train,42,SIMULADO — datos de prueba; no son hallazgos de campo
U0331,requisitos_matrimonio_civil,requisitos_matrimonio_civil__b3,train,42,SIMULADO — datos de prueba; no son hallazgos de campo
U0332,requisitos_matrimonio_civil,requisitos_matrimonio_civil__b3,train,42,SIMULADO — datos de prueba; no son hallazgos de campo
U0333,requisitos_matrimonio_civil,requisitos_matrimonio_civil__b3,train,42,SIMULADO — datos de prueba; no son hallazgos de campo
U0334,requisitos_matrimonio_civil,requisitos_matrimonio_civil__b4,train,42,SIMULADO — datos de prueba; no son hallazgos de campo
U0335,requisitos_matrimonio_civil,requisitos_matrimonio_civil__b4,train,42,SIMULADO — datos de prueba; no son hallazgos de campo
U0336,requisitos_matrimonio_civil,requisitos_matrimonio_civil__b4,train,42,SIMULADO — datos de prueba; no son hallazgos de campo
U0337,horario_recojo_basura,horario_recojo_basura__b1,train,42,SIMULADO — datos de prueba; no son hallazgos de campo
U0338,horario_recojo_basura,horario_recojo_basura__b1,train,42,SIMULADO — datos de prueba; no son hallazgos de campo
U0339,horario_recojo_basura,horario_recojo_basura__b1,train,42,SIMULADO — datos de prueba; no son hallazgos de campo
U0340,horario_recojo_basura,horario_recojo_basura__b2,train,42,SIMULADO — datos de prueba; no son hallazgos de campo
U0341,horario_recojo_basura,horario_recojo_basura__b2,train,42,SIMULADO — datos de prueba; no son hallazgos de campo
U0342,horario_recojo_basura,horario_recojo_basura__b2,train,42,SIMULADO — datos de prueba; no son hallazgos de campo
U0343,horario_recojo_basura,horario_recojo_basura__b3,train,42,SIMULADO — datos de prueba; no son hallazgos de campo
U0344,horario_recojo_basura,horario_recojo_basura__b3,train,42,SIMULADO — datos de prueba; no son hallazgos de campo
U0345,horario_recojo_basura,horario_recojo_basura__b3,train,42,SIMULADO — datos de prueba; no son hallazgos de campo
U0346,horario_recojo_basura,horario_recojo_basura__b4,train,42,SIMULADO — datos de prueba; no son hallazgos de campo
U0347,horario_recojo_basura,horario_recojo_basura__b4,train,42,SIMULADO — datos de prueba; no son hallazgos de campo
U0348,horario_recojo_basura,horario_recojo_basura__b4,train,42,SIMULADO — datos de prueba; no son hallazgos de campo
U0349,reporte_alumbrado_publico,reporte_alumbrado_publico__b1,train,42,SIMULADO — datos de prueba; no son hallazgos de campo
U0350,reporte_alumbrado_publico,reporte_alumbrado_publico__b1,train,42,SIMULADO — datos de prueba; no son hallazgos de campo
U0351,reporte_alumbrado_publico,reporte_alumbrado_publico__b1,train,42,SIMULADO — datos de prueba; no son hallazgos de campo
U0352,reporte_alumbrado_publico,reporte_alumbrado_publico__b2,train,42,SIMULADO — datos de prueba; no son hallazgos de campo
U0353,reporte_alumbrado_publico,reporte_alumbrado_publico__b2,train,42,SIMULADO — datos de prueba; no son hallazgos de campo
U0354,reporte_alumbrado_publico,reporte_alumbrado_publico__b2,train,42,SIMULADO — datos de prueba; no son hallazgos de campo
U0355,reporte_alumbrado_publico,reporte_alumbrado_publico__b3,train,42,SIMULADO — datos de prueba; no son hallazgos de campo
U0356,reporte_alumbrado_publico,reporte_alumbrado_publico__b3,train,42,SIMULADO — datos de prueba; no son hallazgos de campo
U0357,reporte_alumbrado_publico,reporte_alumbrado_publico__b3,train,42,SIMULADO — datos de prueba; no son hallazgos de campo
U0358,reporte_alumbrado_publico,reporte_alumbrado_publico__b4,train,42,SIMULADO — datos de prueba; no son hallazgos de campo
U0359,reporte_alumbrado_publico,reporte_alumbrado_publico__b4,train,42,SIMULADO — datos de prueba; no son hallazgos de campo
U0360,reporte_alumbrado_publico,reporte_alumbrado_publico__b4,train,42,SIMULADO — datos de prueba; no son hallazgos de campo
U0361,mantenimiento_parques,mantenimiento_parques__b1,train,42,SIMULADO — datos de prueba; no son hallazgos de campo
U0362,mantenimiento_parques,mantenimiento_parques__b1,train,42,SIMULADO — datos de prueba; no son hallazgos de campo
U0363,mantenimiento_parques,mantenimiento_parques__b1,train,42,SIMULADO — datos de prueba; no son hallazgos de campo
U0364,mantenimiento_parques,mantenimiento_parques__b2,train,42,SIMULADO — datos de prueba; no son hallazgos de campo
U0365,mantenimiento_parques,mantenimiento_parques__b2,train,42,SIMULADO — datos de prueba; no son hallazgos de campo
U0366,mantenimiento_parques,mantenimiento_parques__b2,train,42,SIMULADO — datos de prueba; no son hallazgos de campo
U0367,mantenimiento_parques,mantenimiento_parques__b3,train,42,SIMULADO — datos de prueba; no son hallazgos de campo
U0368,mantenimiento_parques,mantenimiento_parques__b3,train,42,SIMULADO — datos de prueba; no son hallazgos de campo
U0369,mantenimiento_parques,mantenimiento_parques__b3,train,42,SIMULADO — datos de prueba; no son hallazgos de campo
U0370,mantenimiento_parques,mantenimiento_parques__b4,train,42,SIMULADO — datos de prueba; no son hallazgos de campo
U0371,mantenimiento_parques,mantenimiento_parques__b4,train,42,SIMULADO — datos de prueba; no son hallazgos de campo
U0372,mantenimiento_parques,mantenimiento_parques__b4,train,42,SIMULADO — datos de prueba; no son hallazgos de campo
U0373,poda_arboles,poda_arboles__b1,train,42,SIMULADO — datos de prueba; no son hallazgos de campo
U0374,poda_arboles,poda_arboles__b1,train,42,SIMULADO — datos de prueba; no son hallazgos de campo
U0375,poda_arboles,poda_arboles__b1,train,42,SIMULADO — datos de prueba; no son hallazgos de campo
U0376,poda_arboles,poda_arboles__b2,train,42,SIMULADO — datos de prueba; no son hallazgos de campo
U0377,poda_arboles,poda_arboles__b2,train,42,SIMULADO — datos de prueba; no son hallazgos de campo
U0378,poda_arboles,poda_arboles__b2,train,42,SIMULADO — datos de prueba; no son hallazgos de campo
U0379,poda_arboles,poda_arboles__b3,train,42,SIMULADO — datos de prueba; no son hallazgos de campo
U0380,poda_arboles,poda_arboles__b3,train,42,SIMULADO — datos de prueba; no son hallazgos de campo
U0381,poda_arboles,poda_arboles__b3,train,42,SIMULADO — datos de prueba; no son hallazgos de campo
U0382,poda_arboles,poda_arboles__b4,train,42,SIMULADO — datos de prueba; no son hallazgos de campo
U0383,poda_arboles,poda_arboles__b4,train,42,SIMULADO — datos de prueba; no son hallazgos de campo
U0384,poda_arboles,poda_arboles__b4,train,42,SIMULADO — datos de prueba; no son hallazgos de campo
U0385,limpieza_via_publica,limpieza_via_publica__b1,train,42,SIMULADO — datos de prueba; no son hallazgos de campo
U0386,limpieza_via_publica,limpieza_via_publica__b1,train,42,SIMULADO — datos de prueba; no son hallazgos de campo
U0387,limpieza_via_publica,limpieza_via_publica__b1,train,42,SIMULADO — datos de prueba; no son hallazgos de campo
U0388,limpieza_via_publica,limpieza_via_publica__b2,train,42,SIMULADO — datos de prueba; no son hallazgos de campo
U0389,limpieza_via_publica,limpieza_via_publica__b2,train,42,SIMULADO — datos de prueba; no son hallazgos de campo
U0390,limpieza_via_publica,limpieza_via_publica__b2,train,42,SIMULADO — datos de prueba; no son hallazgos de campo
U0391,limpieza_via_publica,limpieza_via_publica__b3,train,42,SIMULADO — datos de prueba; no son hallazgos de campo
U0392,limpieza_via_publica,limpieza_via_publica__b3,train,42,SIMULADO — datos de prueba; no son hallazgos de campo
U0393,limpieza_via_publica,limpieza_via_publica__b3,train,42,SIMULADO — datos de prueba; no son hallazgos de campo
U0394,limpieza_via_publica,limpieza_via_publica__b4,train,42,SIMULADO — datos de prueba; no son hallazgos de campo
U0395,limpieza_via_publica,limpieza_via_publica__b4,train,42,SIMULADO — datos de prueba; no son hallazgos de campo
U0396,limpieza_via_publica,limpieza_via_publica__b4,train,42,SIMULADO — datos de prueba; no son hallazgos de campo
U0397,presentar_reclamo,presentar_reclamo__b1,train,42,SIMULADO — datos de prueba; no son hallazgos de campo
U0398,presentar_reclamo,presentar_reclamo__b1,train,42,SIMULADO — datos de prueba; no son hallazgos de campo
U0399,presentar_reclamo,presentar_reclamo__b1,train,42,SIMULADO — datos de prueba; no son hallazgos de campo
U0400,presentar_reclamo,presentar_reclamo__b2,train,42,SIMULADO — datos de prueba; no son hallazgos de campo
U0401,presentar_reclamo,presentar_reclamo__b2,train,42,SIMULADO — datos de prueba; no son hallazgos de campo
U0402,presentar_reclamo,presentar_reclamo__b2,train,42,SIMULADO — datos de prueba; no son hallazgos de campo
U0403,presentar_reclamo,presentar_reclamo__b3,train,42,SIMULADO — datos de prueba; no son hallazgos de campo
U0404,presentar_reclamo,presentar_reclamo__b3,train,42,SIMULADO — datos de prueba; no son hallazgos de campo
U0405,presentar_reclamo,presentar_reclamo__b3,train,42,SIMULADO — datos de prueba; no son hallazgos de campo
U0406,presentar_reclamo,presentar_reclamo__b4,train,42,SIMULADO — datos de prueba; no son hallazgos de campo
U0407,presentar_reclamo,presentar_reclamo__b4,train,42,SIMULADO — datos de prueba; no son hallazgos de campo
U0408,presentar_reclamo,presentar_reclamo__b4,train,42,SIMULADO — datos de prueba; no son hallazgos de campo
U0409,estado_reclamo,estado_reclamo__b1,train,42,SIMULADO — datos de prueba; no son hallazgos de campo
U0410,estado_reclamo,estado_reclamo__b1,train,42,SIMULADO — datos de prueba; no son hallazgos de campo
U0411,estado_reclamo,estado_reclamo__b1,train,42,SIMULADO — datos de prueba; no son hallazgos de campo
U0412,estado_reclamo,estado_reclamo__b2,train,42,SIMULADO — datos de prueba; no son hallazgos de campo
U0413,estado_reclamo,estado_reclamo__b2,train,42,SIMULADO — datos de prueba; no son hallazgos de campo
U0414,estado_reclamo,estado_reclamo__b2,train,42,SIMULADO — datos de prueba; no son hallazgos de campo
U0415,estado_reclamo,estado_reclamo__b3,train,42,SIMULADO — datos de prueba; no son hallazgos de campo
U0416,estado_reclamo,estado_reclamo__b3,train,42,SIMULADO — datos de prueba; no son hallazgos de campo
U0417,estado_reclamo,estado_reclamo__b3,train,42,SIMULADO — datos de prueba; no son hallazgos de campo
U0418,estado_reclamo,estado_reclamo__b4,train,42,SIMULADO — datos de prueba; no son hallazgos de campo
U0419,estado_reclamo,estado_reclamo__b4,train,42,SIMULADO — datos de prueba; no son hallazgos de campo
U0420,estado_reclamo,estado_reclamo__b4,train,42,SIMULADO — datos de prueba; no son hallazgos de campo
U0421,libro_reclamaciones,libro_reclamaciones__b1,train,42,SIMULADO — datos de prueba; no son hallazgos de campo
U0422,libro_reclamaciones,libro_reclamaciones__b1,train,42,SIMULADO — datos de prueba; no son hallazgos de campo
U0423,libro_reclamaciones,libro_reclamaciones__b1,train,42,SIMULADO — datos de prueba; no son hallazgos de campo
U0424,libro_reclamaciones,libro_reclamaciones__b2,train,42,SIMULADO — datos de prueba; no son hallazgos de campo
U0425,libro_reclamaciones,libro_reclamaciones__b2,train,42,SIMULADO — datos de prueba; no son hallazgos de campo
U0426,libro_reclamaciones,libro_reclamaciones__b2,train,42,SIMULADO — datos de prueba; no son hallazgos de campo
U0427,libro_reclamaciones,libro_reclamaciones__b3,train,42,SIMULADO — datos de prueba; no son hallazgos de campo
U0428,libro_reclamaciones,libro_reclamaciones__b3,train,42,SIMULADO — datos de prueba; no son hallazgos de campo
U0429,libro_reclamaciones,libro_reclamaciones__b3,train,42,SIMULADO — datos de prueba; no son hallazgos de campo
U0430,libro_reclamaciones,libro_reclamaciones__b4,train,42,SIMULADO — datos de prueba; no son hallazgos de campo
U0431,libro_reclamaciones,libro_reclamaciones__b4,train,42,SIMULADO — datos de prueba; no son hallazgos de campo
U0432,libro_reclamaciones,libro_reclamaciones__b4,train,42,SIMULADO — datos de prueba; no son hallazgos de campo
U0433,queja_atencion,queja_atencion__b1,train,42,SIMULADO — datos de prueba; no son hallazgos de campo
U0434,queja_atencion,queja_atencion__b1,train,42,SIMULADO — datos de prueba; no son hallazgos de campo
U0435,queja_atencion,queja_atencion__b1,train,42,SIMULADO — datos de prueba; no son hallazgos de campo
U0436,queja_atencion,queja_atencion__b2,train,42,SIMULADO — datos de prueba; no son hallazgos de campo
U0437,queja_atencion,queja_atencion__b2,train,42,SIMULADO — datos de prueba; no son hallazgos de campo
U0438,queja_atencion,queja_atencion__b2,train,42,SIMULADO — datos de prueba; no son hallazgos de campo
U0439,queja_atencion,queja_atencion__b3,train,42,SIMULADO — datos de prueba; no son hallazgos de campo
U0440,queja_atencion,queja_atencion__b3,train,42,SIMULADO — datos de prueba; no son hallazgos de campo
U0441,queja_atencion,queja_atencion__b3,train,42,SIMULADO — datos de prueba; no son hallazgos de campo
U0442,queja_atencion,queja_atencion__b4,train,42,SIMULADO — datos de prueba; no son hallazgos de campo
U0443,queja_atencion,queja_atencion__b4,train,42,SIMULADO — datos de prueba; no son hallazgos de campo
U0444,queja_atencion,queja_atencion__b4,train,42,SIMULADO — datos de prueba; no son hallazgos de campo
U0445,sugerencia,sugerencia__b1,train,42,SIMULADO — datos de prueba; no son hallazgos de campo
U0446,sugerencia,sugerencia__b1,train,42,SIMULADO — datos de prueba; no son hallazgos de campo
U0447,sugerencia,sugerencia__b1,train,42,SIMULADO — datos de prueba; no son hallazgos de campo
U0448,sugerencia,sugerencia__b2,train,42,SIMULADO — datos de prueba; no son hallazgos de campo
U0449,sugerencia,sugerencia__b2,train,42,SIMULADO — datos de prueba; no son hallazgos de campo
U0450,sugerencia,sugerencia__b2,train,42,SIMULADO — datos de prueba; no son hallazgos de campo
U0451,sugerencia,sugerencia__b3,train,42,SIMULADO — datos de prueba; no son hallazgos de campo
U0452,sugerencia,sugerencia__b3,train,42,SIMULADO — datos de prueba; no son hallazgos de campo
U0453,sugerencia,sugerencia__b3,train,42,SIMULADO — datos de prueba; no son hallazgos de campo
U0454,sugerencia,sugerencia__b4,train,42,SIMULADO — datos de prueba; no son hallazgos de campo
U0455,sugerencia,sugerencia__b4,train,42,SIMULADO — datos de prueba; no son hallazgos de campo
U0456,sugerencia,sugerencia__b4,train,42,SIMULADO — datos de prueba; no son hallazgos de campo
U0457,horario_atencion_general,horario_atencion_general__b1,train,42,SIMULADO — datos de prueba; no son hallazgos de campo
U0458,horario_atencion_general,horario_atencion_general__b1,train,42,SIMULADO — datos de prueba; no son hallazgos de campo
U0459,horario_atencion_general,horario_atencion_general__b1,train,42,SIMULADO — datos de prueba; no son hallazgos de campo
U0460,horario_atencion_general,horario_atencion_general__b2,train,42,SIMULADO — datos de prueba; no son hallazgos de campo
U0461,horario_atencion_general,horario_atencion_general__b2,train,42,SIMULADO — datos de prueba; no son hallazgos de campo
U0462,horario_atencion_general,horario_atencion_general__b2,train,42,SIMULADO — datos de prueba; no son hallazgos de campo
U0463,horario_atencion_general,horario_atencion_general__b3,train,42,SIMULADO — datos de prueba; no son hallazgos de campo
U0464,horario_atencion_general,horario_atencion_general__b3,train,42,SIMULADO — datos de prueba; no son hallazgos de campo
U0465,horario_atencion_general,horario_atencion_general__b3,train,42,SIMULADO — datos de prueba; no son hallazgos de campo
U0466,horario_atencion_general,horario_atencion_general__b4,train,42,SIMULADO — datos de prueba; no son hallazgos de campo
U0467,horario_atencion_general,horario_atencion_general__b4,train,42,SIMULADO — datos de prueba; no son hallazgos de campo
U0468,horario_atencion_general,horario_atencion_general__b4,train,42,SIMULADO — datos de prueba; no son hallazgos de campo
U0469,ubicacion_oficinas,ubicacion_oficinas__b1,train,42,SIMULADO — datos de prueba; no son hallazgos de campo
U0470,ubicacion_oficinas,ubicacion_oficinas__b1,train,42,SIMULADO — datos de prueba; no son hallazgos de campo
U0471,ubicacion_oficinas,ubicacion_oficinas__b1,train,42,SIMULADO — datos de prueba; no son hallazgos de campo
U0472,ubicacion_oficinas,ubicacion_oficinas__b2,train,42,SIMULADO — datos de prueba; no son hallazgos de campo
U0473,ubicacion_oficinas,ubicacion_oficinas__b2,train,42,SIMULADO — datos de prueba; no son hallazgos de campo
U0474,ubicacion_oficinas,ubicacion_oficinas__b2,train,42,SIMULADO — datos de prueba; no son hallazgos de campo
U0475,ubicacion_oficinas,ubicacion_oficinas__b3,train,42,SIMULADO — datos de prueba; no son hallazgos de campo
U0476,ubicacion_oficinas,ubicacion_oficinas__b3,train,42,SIMULADO — datos de prueba; no son hallazgos de campo
U0477,ubicacion_oficinas,ubicacion_oficinas__b3,train,42,SIMULADO — datos de prueba; no son hallazgos de campo
U0478,ubicacion_oficinas,ubicacion_oficinas__b4,train,42,SIMULADO — datos de prueba; no son hallazgos de campo
U0479,ubicacion_oficinas,ubicacion_oficinas__b4,train,42,SIMULADO — datos de prueba; no son hallazgos de campo
U0480,ubicacion_oficinas,ubicacion_oficinas__b4,train,42,SIMULADO — datos de prueba; no son hallazgos de campo
U0481,requisitos_generales,requisitos_generales__b1,train,42,SIMULADO — datos de prueba; no son hallazgos de campo
U0482,requisitos_generales,requisitos_generales__b1,train,42,SIMULADO — datos de prueba; no son hallazgos de campo
U0483,requisitos_generales,requisitos_generales__b1,train,42,SIMULADO — datos de prueba; no son hallazgos de campo
U0484,requisitos_generales,requisitos_generales__b2,train,42,SIMULADO — datos de prueba; no son hallazgos de campo
U0485,requisitos_generales,requisitos_generales__b2,train,42,SIMULADO — datos de prueba; no son hallazgos de campo
U0486,requisitos_generales,requisitos_generales__b2,train,42,SIMULADO — datos de prueba; no son hallazgos de campo
U0487,requisitos_generales,requisitos_generales__b3,train,42,SIMULADO — datos de prueba; no son hallazgos de campo
U0488,requisitos_generales,requisitos_generales__b3,train,42,SIMULADO — datos de prueba; no son hallazgos de campo
U0489,requisitos_generales,requisitos_generales__b3,train,42,SIMULADO — datos de prueba; no son hallazgos de campo
U0490,requisitos_generales,requisitos_generales__b4,train,42,SIMULADO — datos de prueba; no son hallazgos de campo
U0491,requisitos_generales,requisitos_generales__b4,train,42,SIMULADO — datos de prueba; no son hallazgos de campo
U0492,requisitos_generales,requisitos_generales__b4,train,42,SIMULADO — datos de prueba; no son hallazgos de campo
U0493,costos_generales,costos_generales__b1,train,42,SIMULADO — datos de prueba; no son hallazgos de campo
U0494,costos_generales,costos_generales__b1,train,42,SIMULADO — datos de prueba; no son hallazgos de campo
U0495,costos_generales,costos_generales__b1,train,42,SIMULADO — datos de prueba; no son hallazgos de campo
U0496,costos_generales,costos_generales__b2,train,42,SIMULADO — datos de prueba; no son hallazgos de campo
U0497,costos_generales,costos_generales__b2,train,42,SIMULADO — datos de prueba; no son hallazgos de campo
U0498,costos_generales,costos_generales__b2,train,42,SIMULADO — datos de prueba; no son hallazgos de campo
U0499,costos_generales,costos_generales__b3,train,42,SIMULADO — datos de prueba; no son hallazgos de campo
U0500,costos_generales,costos_generales__b3,train,42,SIMULADO — datos de prueba; no son hallazgos de campo
U0501,costos_generales,costos_generales__b3,train,42,SIMULADO — datos de prueba; no son hallazgos de campo
U0502,costos_generales,costos_generales__b4,train,42,SIMULADO — datos de prueba; no son hallazgos de campo
U0503,costos_generales,costos_generales__b4,train,42,SIMULADO — datos de prueba; no son hallazgos de campo
U0504,costos_generales,costos_generales__b4,train,42,SIMULADO — datos de prueba; no son hallazgos de campo
U0505,contacto_telefonico,contacto_telefonico__b1,train,42,SIMULADO — datos de prueba; no son hallazgos de campo
U0506,contacto_telefonico,contacto_telefonico__b1,train,42,SIMULADO — datos de prueba; no son hallazgos de campo
U0507,contacto_telefonico,contacto_telefonico__b1,train,42,SIMULADO — datos de prueba; no son hallazgos de campo
U0508,contacto_telefonico,contacto_telefonico__b2,train,42,SIMULADO — datos de prueba; no son hallazgos de campo
U0509,contacto_telefonico,contacto_telefonico__b2,train,42,SIMULADO — datos de prueba; no son hallazgos de campo
U0510,contacto_telefonico,contacto_telefonico__b2,train,42,SIMULADO — datos de prueba; no son hallazgos de campo
U0511,contacto_telefonico,contacto_telefonico__b3,train,42,SIMULADO — datos de prueba; no son hallazgos de campo
U0512,contacto_telefonico,contacto_telefonico__b3,train,42,SIMULADO — datos de prueba; no son hallazgos de campo
U0513,contacto_telefonico,contacto_telefonico__b3,train,42,SIMULADO — datos de prueba; no son hallazgos de campo
U0514,contacto_telefonico,contacto_telefonico__b4,train,42,SIMULADO — datos de prueba; no son hallazgos de campo
U0515,contacto_telefonico,contacto_telefonico__b4,train,42,SIMULADO — datos de prueba; no son hallazgos de campo
U0516,contacto_telefonico,contacto_telefonico__b4,train,42,SIMULADO — datos de prueba; no son hallazgos de campo
U0517,redes_sociales_mpsr,redes_sociales_mpsr__b1,train,42,SIMULADO — datos de prueba; no son hallazgos de campo
U0518,redes_sociales_mpsr,redes_sociales_mpsr__b1,train,42,SIMULADO — datos de prueba; no son hallazgos de campo
U0519,redes_sociales_mpsr,redes_sociales_mpsr__b1,train,42,SIMULADO — datos de prueba; no son hallazgos de campo
U0520,redes_sociales_mpsr,redes_sociales_mpsr__b2,train,42,SIMULADO — datos de prueba; no son hallazgos de campo
U0521,redes_sociales_mpsr,redes_sociales_mpsr__b2,train,42,SIMULADO — datos de prueba; no son hallazgos de campo
U0522,redes_sociales_mpsr,redes_sociales_mpsr__b2,train,42,SIMULADO — datos de prueba; no son hallazgos de campo
U0523,redes_sociales_mpsr,redes_sociales_mpsr__b3,train,42,SIMULADO — datos de prueba; no son hallazgos de campo
U0524,redes_sociales_mpsr,redes_sociales_mpsr__b3,train,42,SIMULADO — datos de prueba; no son hallazgos de campo
U0525,redes_sociales_mpsr,redes_sociales_mpsr__b3,train,42,SIMULADO — datos de prueba; no son hallazgos de campo
U0526,redes_sociales_mpsr,redes_sociales_mpsr__b4,train,42,SIMULADO — datos de prueba; no son hallazgos de campo
U0527,redes_sociales_mpsr,redes_sociales_mpsr__b4,train,42,SIMULADO — datos de prueba; no son hallazgos de campo
U0528,redes_sociales_mpsr,redes_sociales_mpsr__b4,train,42,SIMULADO — datos de prueba; no son hallazgos de campo
U0529,saludo,saludo__b1,train,42,SIMULADO — datos de prueba; no son hallazgos de campo
U0530,saludo,saludo__b1,train,42,SIMULADO — datos de prueba; no son hallazgos de campo
U0531,saludo,saludo__b1,train,42,SIMULADO — datos de prueba; no son hallazgos de campo
U0532,saludo,saludo__b2,train,42,SIMULADO — datos de prueba; no son hallazgos de campo
U0533,saludo,saludo__b2,train,42,SIMULADO — datos de prueba; no son hallazgos de campo
U0534,saludo,saludo__b2,train,42,SIMULADO — datos de prueba; no son hallazgos de campo
U0535,saludo,saludo__b3,train,42,SIMULADO — datos de prueba; no son hallazgos de campo
U0536,saludo,saludo__b3,train,42,SIMULADO — datos de prueba; no son hallazgos de campo
U0537,saludo,saludo__b3,train,42,SIMULADO — datos de prueba; no son hallazgos de campo
U0538,saludo,saludo__b4,train,42,SIMULADO — datos de prueba; no son hallazgos de campo
U0539,saludo,saludo__b4,train,42,SIMULADO — datos de prueba; no son hallazgos de campo
U0540,saludo,saludo__b4,train,42,SIMULADO — datos de prueba; no son hallazgos de campo
U0541,despedida,despedida__b1,train,42,SIMULADO — datos de prueba; no son hallazgos de campo
U0542,despedida,despedida__b1,train,42,SIMULADO — datos de prueba; no son hallazgos de campo
U0543,despedida,despedida__b1,train,42,SIMULADO — datos de prueba; no son hallazgos de campo
U0544,despedida,despedida__b2,train,42,SIMULADO — datos de prueba; no son hallazgos de campo
U0545,despedida,despedida__b2,train,42,SIMULADO — datos de prueba; no son hallazgos de campo
U0546,despedida,despedida__b2,train,42,SIMULADO — datos de prueba; no son hallazgos de campo
U0547,despedida,despedida__b3,train,42,SIMULADO — datos de prueba; no son hallazgos de campo
U0548,despedida,despedida__b3,train,42,SIMULADO — datos de prueba; no son hallazgos de campo
U0549,despedida,despedida__b3,train,42,SIMULADO — datos de prueba; no son hallazgos de campo
U0550,despedida,despedida__b4,train,42,SIMULADO — datos de prueba; no son hallazgos de campo
U0551,despedida,despedida__b4,train,42,SIMULADO — datos de prueba; no son hallazgos de campo
U0552,despedida,despedida__b4,train,42,SIMULADO — datos de prueba; no son hallazgos de campo
U0553,agradecimiento,agradecimiento__b1,train,42,SIMULADO — datos de prueba; no son hallazgos de campo
U0554,agradecimiento,agradecimiento__b1,train,42,SIMULADO — datos de prueba; no son hallazgos de campo
U0555,agradecimiento,agradecimiento__b1,train,42,SIMULADO — datos de prueba; no son hallazgos de campo
U0556,agradecimiento,agradecimiento__b2,train,42,SIMULADO — datos de prueba; no son hallazgos de campo
U0557,agradecimiento,agradecimiento__b2,train,42,SIMULADO — datos de prueba; no son hallazgos de campo
U0558,agradecimiento,agradecimiento__b2,train,42,SIMULADO — datos de prueba; no son hallazgos de campo
U0559,agradecimiento,agradecimiento__b3,train,42,SIMULADO — datos de prueba; no son hallazgos de campo
U0560,agradecimiento,agradecimiento__b3,train,42,SIMULADO — datos de prueba; no son hallazgos de campo
U0561,agradecimiento,agradecimiento__b3,train,42,SIMULADO — datos de prueba; no son hallazgos de campo
U0562,agradecimiento,agradecimiento__b4,train,42,SIMULADO — datos de prueba; no son hallazgos de campo
U0563,agradecimiento,agradecimiento__b4,train,42,SIMULADO — datos de prueba; no son hallazgos de campo
U0564,agradecimiento,agradecimiento__b4,train,42,SIMULADO — datos de prueba; no son hallazgos de campo
U0565,afirmar,afirmar__b1,train,42,SIMULADO — datos de prueba; no son hallazgos de campo
U0566,afirmar,afirmar__b1,train,42,SIMULADO — datos de prueba; no son hallazgos de campo
U0567,afirmar,afirmar__b1,train,42,SIMULADO — datos de prueba; no son hallazgos de campo
U0568,afirmar,afirmar__b2,train,42,SIMULADO — datos de prueba; no son hallazgos de campo
U0569,afirmar,afirmar__b2,train,42,SIMULADO — datos de prueba; no son hallazgos de campo
U0570,afirmar,afirmar__b2,train,42,SIMULADO — datos de prueba; no son hallazgos de campo
U0571,afirmar,afirmar__b3,train,42,SIMULADO — datos de prueba; no son hallazgos de campo
U0572,afirmar,afirmar__b3,train,42,SIMULADO — datos de prueba; no son hallazgos de campo
U0573,afirmar,afirmar__b3,train,42,SIMULADO — datos de prueba; no son hallazgos de campo
U0574,afirmar,afirmar__b4,train,42,SIMULADO — datos de prueba; no son hallazgos de campo
U0575,afirmar,afirmar__b4,train,42,SIMULADO — datos de prueba; no son hallazgos de campo
U0576,afirmar,afirmar__b4,train,42,SIMULADO — datos de prueba; no son hallazgos de campo
U0577,negar,negar__b1,train,42,SIMULADO — datos de prueba; no son hallazgos de campo
U0578,negar,negar__b1,train,42,SIMULADO — datos de prueba; no son hallazgos de campo
U0579,negar,negar__b1,train,42,SIMULADO — datos de prueba; no son hallazgos de campo
U0580,negar,negar__b2,train,42,SIMULADO — datos de prueba; no son hallazgos de campo
U0581,negar,negar__b2,train,42,SIMULADO — datos de prueba; no son hallazgos de campo
U0582,negar,negar__b2,train,42,SIMULADO — datos de prueba; no son hallazgos de campo
U0583,negar,negar__b3,train,42,SIMULADO — datos de prueba; no son hallazgos de campo
U0584,negar,negar__b3,train,42,SIMULADO — datos de prueba; no son hallazgos de campo
U0585,negar,negar__b3,train,42,SIMULADO — datos de prueba; no son hallazgos de campo
U0586,negar,negar__b4,train,42,SIMULADO — datos de prueba; no son hallazgos de campo
U0587,negar,negar__b4,train,42,SIMULADO — datos de prueba; no son hallazgos de campo
U0588,negar,negar__b4,train,42,SIMULADO — datos de prueba; no son hallazgos de campo
U0589,fuera_de_alcance,fuera_de_alcance__b1,train,42,SIMULADO — datos de prueba; no son hallazgos de campo
U0590,fuera_de_alcance,fuera_de_alcance__b1,train,42,SIMULADO — datos de prueba; no son hallazgos de campo
U0591,fuera_de_alcance,fuera_de_alcance__b1,train,42,SIMULADO — datos de prueba; no son hallazgos de campo
U0592,fuera_de_alcance,fuera_de_alcance__b2,train,42,SIMULADO — datos de prueba; no son hallazgos de campo
U0593,fuera_de_alcance,fuera_de_alcance__b2,train,42,SIMULADO — datos de prueba; no son hallazgos de campo
U0594,fuera_de_alcance,fuera_de_alcance__b2,train,42,SIMULADO — datos de prueba; no son hallazgos de campo
U0595,fuera_de_alcance,fuera_de_alcance__b3,train,42,SIMULADO — datos de prueba; no son hallazgos de campo
U0596,fuera_de_alcance,fuera_de_alcance__b3,train,42,SIMULADO — datos de prueba; no son hallazgos de campo
U0597,fuera_de_alcance,fuera_de_alcance__b3,train,42,SIMULADO — datos de prueba; no son hallazgos de campo
U0598,fuera_de_alcance,fuera_de_alcance__b4,train,42,SIMULADO — datos de prueba; no son hallazgos de campo
U0599,fuera_de_alcance,fuera_de_alcance__b4,train,42,SIMULADO — datos de prueba; no son hallazgos de campo
U0600,fuera_de_alcance,fuera_de_alcance__b4,train,42,SIMULADO — datos de prueba; no son hallazgos de campo
U0601,hablar_con_persona,hablar_con_persona__b1,train,42,SIMULADO — datos de prueba; no son hallazgos de campo
U0602,hablar_con_persona,hablar_con_persona__b1,train,42,SIMULADO — datos de prueba; no son hallazgos de campo
U0603,hablar_con_persona,hablar_con_persona__b1,train,42,SIMULADO — datos de prueba; no son hallazgos de campo
U0604,hablar_con_persona,hablar_con_persona__b2,train,42,SIMULADO — datos de prueba; no son hallazgos de campo
U0605,hablar_con_persona,hablar_con_persona__b2,train,42,SIMULADO — datos de prueba; no son hallazgos de campo
U0606,hablar_con_persona,hablar_con_persona__b2,train,42,SIMULADO — datos de prueba; no son hallazgos de campo
U0607,hablar_con_persona,hablar_con_persona__b3,train,42,SIMULADO — datos de prueba; no son hallazgos de campo
U0608,hablar_con_persona,hablar_con_persona__b3,train,42,SIMULADO — datos de prueba; no son hallazgos de campo
U0609,hablar_con_persona,hablar_con_persona__b3,train,42,SIMULADO — datos de prueba; no son hallazgos de campo
U0610,hablar_con_persona,hablar_con_persona__b4,train,42,SIMULADO — datos de prueba; no son hallazgos de campo
U0611,hablar_con_persona,hablar_con_persona__b4,train,42,SIMULADO — datos de prueba; no son hallazgos de campo
U0612,hablar_con_persona,hablar_con_persona__b4,train,42,SIMULADO — datos de prueba; no son hallazgos de campo
U0613,ayuda_chatbot,ayuda_chatbot__b1,train,42,SIMULADO — datos de prueba; no son hallazgos de campo
U0614,ayuda_chatbot,ayuda_chatbot__b1,train,42,SIMULADO — datos de prueba; no son hallazgos de campo
U0615,ayuda_chatbot,ayuda_chatbot__b1,train,42,SIMULADO — datos de prueba; no son hallazgos de campo
U0616,ayuda_chatbot,ayuda_chatbot__b2,train,42,SIMULADO — datos de prueba; no son hallazgos de campo
U0617,ayuda_chatbot,ayuda_chatbot__b2,train,42,SIMULADO — datos de prueba; no son hallazgos de campo
U0618,ayuda_chatbot,ayuda_chatbot__b2,train,42,SIMULADO — datos de prueba; no son hallazgos de campo
U0619,ayuda_chatbot,ayuda_chatbot__b3,train,42,SIMULADO — datos de prueba; no son hallazgos de campo
U0620,ayuda_chatbot,ayuda_chatbot__b3,train,42,SIMULADO — datos de prueba; no son hallazgos de campo
U0621,ayuda_chatbot,ayuda_chatbot__b3,train,42,SIMULADO — datos de prueba; no son hallazgos de campo
U0622,ayuda_chatbot,ayuda_chatbot__b4,train,42,SIMULADO — datos de prueba; no son hallazgos de campo
U0623,ayuda_chatbot,ayuda_chatbot__b4,train,42,SIMULADO — datos de prueba; no son hallazgos de campo
U0624,ayuda_chatbot,ayuda_chatbot__b4,train,42,SIMULADO — datos de prueba; no son hallazgos de campo
U0625,consulta_no_entendida,consulta_no_entendida__b1,train,42,SIMULADO — datos de prueba; no son hallazgos de campo
U0626,consulta_no_entendida,consulta_no_entendida__b1,train,42,SIMULADO — datos de prueba; no son hallazgos de campo
U0627,consulta_no_entendida,consulta_no_entendida__b1,train,42,SIMULADO — datos de prueba; no son hallazgos de campo
U0628,consulta_no_entendida,consulta_no_entendida__b2,train,42,SIMULADO — datos de prueba; no son hallazgos de campo
U0629,consulta_no_entendida,consulta_no_entendida__b2,train,42,SIMULADO — datos de prueba; no son hallazgos de campo
U0630,consulta_no_entendida,consulta_no_entendida__b2,train,42,SIMULADO — datos de prueba; no son hallazgos de campo
U0631,consulta_no_entendida,consulta_no_entendida__b3,train,42,SIMULADO — datos de prueba; no son hallazgos de campo
U0632,consulta_no_entendida,consulta_no_entendida__b3,train,42,SIMULADO — datos de prueba; no son hallazgos de campo
U0633,consulta_no_entendida,consulta_no_entendida__b3,train,42,SIMULADO — datos de prueba; no son hallazgos de campo
U0634,consulta_no_entendida,consulta_no_entendida__b4,train,42,SIMULADO — datos de prueba; no son hallazgos de campo
U0635,consulta_no_entendida,consulta_no_entendida__b4,train,42,SIMULADO — datos de prueba; no son hallazgos de campo
U0636,consulta_no_entendida,consulta_no_entendida__b4,train,42,SIMULADO — datos de prueba; no son hallazgos de campo
U0637,repetir_informacion,repetir_informacion__b1,train,42,SIMULADO — datos de prueba; no son hallazgos de campo
U0638,repetir_informacion,repetir_informacion__b1,train,42,SIMULADO — datos de prueba; no son hallazgos de campo
U0639,repetir_informacion,repetir_informacion__b1,train,42,SIMULADO — datos de prueba; no son hallazgos de campo
U0640,repetir_informacion,repetir_informacion__b2,train,42,SIMULADO — datos de prueba; no son hallazgos de campo
U0641,repetir_informacion,repetir_informacion__b2,train,42,SIMULADO — datos de prueba; no son hallazgos de campo
U0642,repetir_informacion,repetir_informacion__b2,train,42,SIMULADO — datos de prueba; no son hallazgos de campo
U0643,repetir_informacion,repetir_informacion__b3,train,42,SIMULADO — datos de prueba; no son hallazgos de campo
U0644,repetir_informacion,repetir_informacion__b3,train,42,SIMULADO — datos de prueba; no son hallazgos de campo
U0645,repetir_informacion,repetir_informacion__b3,train,42,SIMULADO — datos de prueba; no son hallazgos de campo
U0646,repetir_informacion,repetir_informacion__b4,train,42,SIMULADO — datos de prueba; no son hallazgos de campo
U0647,repetir_informacion,repetir_informacion__b4,train,42,SIMULADO — datos de prueba; no son hallazgos de campo
U0648,repetir_informacion,repetir_informacion__b4,train,42,SIMULADO — datos de prueba; no son hallazgos de campo
U0649,licencia_funcionamiento_requisitos,licencia_funcionamiento_requisitos__b5,train,42,SIMULADO — datos de prueba; no son hallazgos de campo
U0650,licencia_funcionamiento_requisitos,licencia_funcionamiento_requisitos__b5,train,42,SIMULADO — datos de prueba; no son hallazgos de campo
U0651,licencia_funcionamiento_requisitos,licencia_funcionamiento_requisitos__b5,train,42,SIMULADO — datos de prueba; no son hallazgos de campo
U0652,licencia_funcionamiento_requisitos,licencia_funcionamiento_requisitos__b6,train,42,SIMULADO — datos de prueba; no son hallazgos de campo
U0653,licencia_funcionamiento_requisitos,licencia_funcionamiento_requisitos__b6,train,42,SIMULADO — datos de prueba; no son hallazgos de campo
U0654,licencia_funcionamiento_requisitos,licencia_funcionamiento_requisitos__b6,train,42,SIMULADO — datos de prueba; no son hallazgos de campo
U0655,licencia_funcionamiento_requisitos,licencia_funcionamiento_requisitos__b7,train,42,SIMULADO — datos de prueba; no son hallazgos de campo
U0656,licencia_funcionamiento_requisitos,licencia_funcionamiento_requisitos__b7,train,42,SIMULADO — datos de prueba; no son hallazgos de campo
U0657,licencia_funcionamiento_requisitos,licencia_funcionamiento_requisitos__b7,train,42,SIMULADO — datos de prueba; no son hallazgos de campo
U0658,fuera_de_alcance,fuera_de_alcance__b5,train,42,SIMULADO — datos de prueba; no son hallazgos de campo
U0659,fuera_de_alcance,fuera_de_alcance__b5,train,42,SIMULADO — datos de prueba; no son hallazgos de campo
U0660,fuera_de_alcance,fuera_de_alcance__b5,train,42,SIMULADO — datos de prueba; no son hallazgos de campo
U0661,fuera_de_alcance,fuera_de_alcance__b6,train,42,SIMULADO — datos de prueba; no son hallazgos de campo
U0662,fuera_de_alcance,fuera_de_alcance__b6,train,42,SIMULADO — datos de prueba; no son hallazgos de campo
U0663,fuera_de_alcance,fuera_de_alcance__b6,train,42,SIMULADO — datos de prueba; no son hallazgos de campo
U0664,fuera_de_alcance,fuera_de_alcance__b7,train,42,SIMULADO — datos de prueba; no son hallazgos de campo
U0665,fuera_de_alcance,fuera_de_alcance__b7,train,42,SIMULADO — datos de prueba; no son hallazgos de campo
U0666,fuera_de_alcance,fuera_de_alcance__b7,train,42,SIMULADO — datos de prueba; no son hallazgos de campo
U0667,afirmar,afirmar__b5,train,42,SIMULADO — datos de prueba; no son hallazgos de campo
U0668,afirmar,afirmar__b5,train,42,SIMULADO — datos de prueba; no son hallazgos de campo
U0669,afirmar,afirmar__b5,train,42,SIMULADO — datos de prueba; no son hallazgos de campo
U0670,afirmar,afirmar__b6,train,42,SIMULADO — datos de prueba; no son hallazgos de campo
U0671,afirmar,afirmar__b6,train,42,SIMULADO — datos de prueba; no son hallazgos de campo
U0672,afirmar,afirmar__b6,train,42,SIMULADO — datos de prueba; no son hallazgos de campo
U0673,ayuda_chatbot,ayuda_chatbot__b5,train,42,SIMULADO — datos de prueba; no son hallazgos de campo
U0674,ayuda_chatbot,ayuda_chatbot__b5,train,42,SIMULADO — datos de prueba; no son hallazgos de campo
U0675,ayuda_chatbot,ayuda_chatbot__b5,train,42,SIMULADO — datos de prueba; no son hallazgos de campo
U0676,ayuda_chatbot,ayuda_chatbot__b6,train,42,SIMULADO — datos de prueba; no son hallazgos de campo
U0677,ayuda_chatbot,ayuda_chatbot__b6,train,42,SIMULADO — datos de prueba; no son hallazgos de campo
U0678,ayuda_chatbot,ayuda_chatbot__b6,train,42,SIMULADO — datos de prueba; no son hallazgos de campo
U0679,copia_documento,copia_documento__b5,train,42,SIMULADO — datos de prueba; no son hallazgos de campo
U0680,copia_documento,copia_documento__b5,train,42,SIMULADO — datos de prueba; no son hallazgos de campo
U0681,copia_documento,copia_documento__b5,train,42,SIMULADO — datos de prueba; no son hallazgos de campo
U0682,copia_documento,copia_documento__b6,train,42,SIMULADO — datos de prueba; no son hallazgos de campo
U0683,copia_documento,copia_documento__b6,train,42,SIMULADO — datos de prueba; no son hallazgos de campo
U0684,copia_documento,copia_documento__b6,train,42,SIMULADO — datos de prueba; no son hallazgos de campo
U0685,despedida,despedida__b5,train,42,SIMULADO — datos de prueba; no son hallazgos de campo
U0686,despedida,despedida__b5,train,42,SIMULADO — datos de prueba; no son hallazgos de campo
U0687,despedida,despedida__b5,train,42,SIMULADO — datos de prueba; no son hallazgos de campo
U0688,despedida,despedida__b6,train,42,SIMULADO — datos de prueba; no son hallazgos de campo
U0689,despedida,despedida__b6,train,42,SIMULADO — datos de prueba; no son hallazgos de campo
U0690,despedida,despedida__b6,train,42,SIMULADO — datos de prueba; no son hallazgos de campo
U0691,horario_mesa_partes,horario_mesa_partes__b5,train,42,SIMULADO — datos de prueba; no son hallazgos de campo
U0692,horario_mesa_partes,horario_mesa_partes__b5,train,42,SIMULADO — datos de prueba; no son hallazgos de campo
U0693,horario_mesa_partes,horario_mesa_partes__b5,train,42,SIMULADO — datos de prueba; no son hallazgos de campo
U0694,horario_mesa_partes,horario_mesa_partes__b6,train,42,SIMULADO — datos de prueba; no son hallazgos de campo
U0695,horario_mesa_partes,horario_mesa_partes__b6,train,42,SIMULADO — datos de prueba; no son hallazgos de campo
U0696,horario_mesa_partes,horario_mesa_partes__b6,train,42,SIMULADO — datos de prueba; no son hallazgos de campo
U0697,reporte_alumbrado_publico,reporte_alumbrado_publico__b5,train,42,SIMULADO — datos de prueba; no son hallazgos de campo
U0698,reporte_alumbrado_publico,reporte_alumbrado_publico__b5,train,42,SIMULADO — datos de prueba; no son hallazgos de campo
U0699,reporte_alumbrado_publico,reporte_alumbrado_publico__b5,train,42,SIMULADO — datos de prueba; no son hallazgos de campo
U0700,reporte_alumbrado_publico,reporte_alumbrado_publico__b6,train,42,SIMULADO — datos de prueba; no son hallazgos de campo
U0701,reporte_alumbrado_publico,reporte_alumbrado_publico__b6,train,42,SIMULADO — datos de prueba; no son hallazgos de campo
U0702,reporte_alumbrado_publico,reporte_alumbrado_publico__b6,train,42,SIMULADO — datos de prueba; no son hallazgos de campo
U0703,requisitos_defensa_civil,requisitos_defensa_civil__b5,train,42,SIMULADO — datos de prueba; no son hallazgos de campo
U0704,requisitos_defensa_civil,requisitos_defensa_civil__b5,train,42,SIMULADO — datos de prueba; no son hallazgos de campo
U0705,requisitos_defensa_civil,requisitos_defensa_civil__b5,train,42,SIMULADO — datos de prueba; no son hallazgos de campo
U0706,requisitos_defensa_civil,requisitos_defensa_civil__b6,train,42,SIMULADO — datos de prueba; no son hallazgos de campo
U0707,requisitos_defensa_civil,requisitos_defensa_civil__b6,train,42,SIMULADO — datos de prueba; no son hallazgos de campo
U0708,requisitos_defensa_civil,requisitos_defensa_civil__b6,train,42,SIMULADO — datos de prueba; no son hallazgos de campo
R0001,licencia_funcionamiento_requisitos,REAL_R0001,validation,42,SIMULADO — datos de prueba; no son hallazgos de campo
R0002,renovacion_licencia,REAL_R0002,test,42,SIMULADO — datos de prueba; no son hallazgos de campo
R0003,fraccionamiento_deuda,REAL_R0003,validation,42,SIMULADO — datos de prueba; no son hallazgos de campo
R0004,copia_documento,REAL_R0004,test,42,SIMULADO — datos de prueba; no son hallazgos de campo
R0005,requisitos_defensa_civil,REAL_R0005,test,42,SIMULADO — datos de prueba; no son hallazgos de campo
R0006,partida_defuncion,REAL_R0006,test,42,SIMULADO — datos de prueba; no son hallazgos de campo
R0007,mantenimiento_parques,REAL_R0007,test,42,SIMULADO — datos de prueba; no son hallazgos de campo
R0009,requisitos_generales,REAL_R0009,validation,42,SIMULADO — datos de prueba; no son hallazgos de campo
R0010,despedida,REAL_R0010,validation,42,SIMULADO — datos de prueba; no son hallazgos de campo
R0011,fuera_de_alcance,REAL_R0011,validation,42,SIMULADO — datos de prueba; no son hallazgos de campo
R0012,repetir_informacion,REAL_R0012,validation,42,SIMULADO — datos de prueba; no son hallazgos de campo
R0013,licencia_funcionamiento_costo,REAL_R0013,test,42,SIMULADO — datos de prueba; no son hallazgos de campo
R0014,consulta_deuda_predial,REAL_R0014,test,42,SIMULADO — datos de prueba; no son hallazgos de campo
R0015,constancia_no_adeudo,REAL_R0015,validation,42,SIMULADO — datos de prueba; no son hallazgos de campo
R0016,certificado_posesion,REAL_R0016,test,42,SIMULADO — datos de prueba; no son hallazgos de campo
R0017,denuncia_seguridad_ciudadana,REAL_R0017,test,42,SIMULADO — datos de prueba; no son hallazgos de campo
R0018,poda_arboles,REAL_R0018,test,42,SIMULADO — datos de prueba; no son hallazgos de campo
R0019,queja_atencion,REAL_R0019,test,42,SIMULADO — datos de prueba; no son hallazgos de campo
R0020,costos_generales,REAL_R0020,test,42,SIMULADO — datos de prueba; no son hallazgos de campo
R0021,agradecimiento,REAL_R0021,test,42,SIMULADO — datos de prueba; no son hallazgos de campo
R0023,licencia_funcionamiento_plazo,REAL_R0023,validation,42,SIMULADO — datos de prueba; no son hallazgos de campo
R0024,pago_predial_como,REAL_R0024,validation,42,SIMULADO — datos de prueba; no son hallazgos de campo
R0025,requisitos_mesa_partes,REAL_R0025,test,42,SIMULADO — datos de prueba; no son hallazgos de campo
R0026,constancia_domiciliaria,REAL_R0026,validation,42,SIMULADO — datos de prueba; no son hallazgos de campo
R0027,serenazgo_contacto,REAL_R0027,validation,42,SIMULADO — datos de prueba; no son hallazgos de campo
R0028,requisitos_matrimonio_civil,REAL_R0028,test,42,SIMULADO — datos de prueba; no son hallazgos de campo
R0029,sugerencia,REAL_R0029,validation,42,SIMULADO — datos de prueba; no son hallazgos de campo
R0030,contacto_telefonico,REAL_R0030,test,42,SIMULADO — datos de prueba; no son hallazgos de campo
R0033,licencia_edificacion_requisitos,REAL_R0033,test,42,SIMULADO — datos de prueba; no son hallazgos de campo
R0034,pago_arbitrios,REAL_R0034,validation,42,SIMULADO — datos de prueba; no son hallazgos de campo
R0035,estado_tramite,REAL_R0035,test,42,SIMULADO — datos de prueba; no son hallazgos de campo
R0036,certificado_defensa_civil,REAL_R0036,test,42,SIMULADO — datos de prueba; no son hallazgos de campo
R0037,partida_nacimiento,REAL_R0037,test,42,SIMULADO — datos de prueba; no son hallazgos de campo
R0038,horario_recojo_basura,REAL_R0038,test,42,SIMULADO — datos de prueba; no son hallazgos de campo
R0039,presentar_reclamo,REAL_R0039,test,42,SIMULADO — datos de prueba; no son hallazgos de campo
R0040,horario_atencion_general,REAL_R0040,validation,42,SIMULADO — datos de prueba; no son hallazgos de campo
R0041,redes_sociales_mpsr,REAL_R0041,validation,42,SIMULADO — datos de prueba; no son hallazgos de campo
R0043,ayuda_chatbot,REAL_R0043,test,42,SIMULADO — datos de prueba; no son hallazgos de campo
R0044,licencia_edificacion_costo,REAL_R0044,validation,42,SIMULADO — datos de prueba; no son hallazgos de campo
R0045,impuesto_alcabala,REAL_R0045,test,42,SIMULADO — datos de prueba; no son hallazgos de campo
R0046,horario_mesa_partes,REAL_R0046,test,42,SIMULADO — datos de prueba; no son hallazgos de campo
R0047,inspeccion_tecnica,REAL_R0047,test,42,SIMULADO — datos de prueba; no son hallazgos de campo
R0048,partida_matrimonio,REAL_R0048,test,42,SIMULADO — datos de prueba; no son hallazgos de campo
R0049,reporte_alumbrado_publico,REAL_R0049,test,42,SIMULADO — datos de prueba; no son hallazgos de campo
R0050,estado_reclamo,REAL_R0050,test,42,SIMULADO — datos de prueba; no son hallazgos de campo
R0053,fuera_de_alcance,REAL_R0053,validation,42,SIMULADO — datos de prueba; no son hallazgos de campo
R0054,consulta_no_entendida,REAL_R0054,test,42,SIMULADO — datos de prueba; no son hallazgos de campo
R0055,licencia_funcionamiento_requisitos,REAL_R0055,validation,42,SIMULADO — datos de prueba; no son hallazgos de campo
R0056,renovacion_licencia,REAL_R0056,validation,42,SIMULADO — datos de prueba; no son hallazgos de campo
R0057,fraccionamiento_deuda,REAL_R0057,test,42,SIMULADO — datos de prueba; no son hallazgos de campo
R0058,copia_documento,REAL_R0058,test,42,SIMULADO — datos de prueba; no son hallazgos de campo
R0059,requisitos_defensa_civil,REAL_R0059,test,42,SIMULADO — datos de prueba; no son hallazgos de campo
R0060,partida_defuncion,REAL_R0060,validation,42,SIMULADO — datos de prueba; no son hallazgos de campo
R0061,mantenimiento_parques,REAL_R0061,validation,42,SIMULADO — datos de prueba; no son hallazgos de campo
R0062,libro_reclamaciones,REAL_R0062,test,42,SIMULADO — datos de prueba; no son hallazgos de campo
R0063,requisitos_generales,REAL_R0063,test,42,SIMULADO — datos de prueba; no son hallazgos de campo
R0064,despedida,REAL_R0064,validation,42,SIMULADO — datos de prueba; no son hallazgos de campo
R0065,fuera_de_alcance,REAL_R0065,test,42,SIMULADO — datos de prueba; no son hallazgos de campo
R0066,repetir_informacion,REAL_R0066,validation,42,SIMULADO — datos de prueba; no son hallazgos de campo
R0067,licencia_funcionamiento_costo,REAL_R0067,validation,42,SIMULADO — datos de prueba; no son hallazgos de campo
R0068,consulta_deuda_predial,REAL_R0068,test,42,SIMULADO — datos de prueba; no son hallazgos de campo
R0069,constancia_no_adeudo,REAL_R0069,test,42,SIMULADO — datos de prueba; no son hallazgos de campo
R0070,certificado_posesion,REAL_R0070,test,42,SIMULADO — datos de prueba; no son hallazgos de campo
R0071,denuncia_seguridad_ciudadana,REAL_R0071,validation,42,SIMULADO — datos de prueba; no son hallazgos de campo
R0072,rectificacion_partida,REAL_R0072,test,42,SIMULADO — datos de prueba; no son hallazgos de campo
R0073,poda_arboles,REAL_R0073,validation,42,SIMULADO — datos de prueba; no son hallazgos de campo
R0074,queja_atencion,REAL_R0074,validation,42,SIMULADO — datos de prueba; no son hallazgos de campo
R0075,costos_generales,REAL_R0075,validation,42,SIMULADO — datos de prueba; no son hallazgos de campo
R0076,agradecimiento,REAL_R0076,validation,42,SIMULADO — datos de prueba; no son hallazgos de campo
R0077,fuera_de_alcance,REAL_R0077,test,42,SIMULADO — datos de prueba; no son hallazgos de campo
R0078,licencia_funcionamiento_plazo,REAL_R0078,test,42,SIMULADO — datos de prueba; no son hallazgos de campo
R0079,pago_predial_como,REAL_R0079,validation,42,SIMULADO — datos de prueba; no son hallazgos de campo
R0080,requisitos_mesa_partes,REAL_R0080,test,42,SIMULADO — datos de prueba; no son hallazgos de campo
R0081,constancia_domiciliaria,REAL_R0081,test,42,SIMULADO — datos de prueba; no son hallazgos de campo
R0082,serenazgo_contacto,REAL_R0082,test,42,SIMULADO — datos de prueba; no son hallazgos de campo
R0083,requisitos_matrimonio_civil,REAL_R0083,validation,42,SIMULADO — datos de prueba; no son hallazgos de campo
R0084,limpieza_via_publica,REAL_R0084,validation,42,SIMULADO — datos de prueba; no son hallazgos de campo
R0085,sugerencia,REAL_R0085,test,42,SIMULADO — datos de prueba; no son hallazgos de campo
R0086,contacto_telefonico,REAL_R0086,validation,42,SIMULADO — datos de prueba; no son hallazgos de campo
R0088,hablar_con_persona,REAL_R0088,validation,42,SIMULADO — datos de prueba; no son hallazgos de campo
R0089,licencia_edificacion_requisitos,REAL_R0089,test,42,SIMULADO — datos de prueba; no son hallazgos de campo
R0090,pago_arbitrios,REAL_R0090,test,42,SIMULADO — datos de prueba; no son hallazgos de campo
R0091,estado_tramite,REAL_R0091,validation,42,SIMULADO — datos de prueba; no son hallazgos de campo
R0092,certificado_defensa_civil,REAL_R0092,validation,42,SIMULADO — datos de prueba; no son hallazgos de campo
R0093,partida_nacimiento,REAL_R0093,test,42,SIMULADO — datos de prueba; no son hallazgos de campo
R0094,horario_recojo_basura,REAL_R0094,validation,42,SIMULADO — datos de prueba; no son hallazgos de campo
R0095,presentar_reclamo,REAL_R0095,test,42,SIMULADO — datos de prueba; no son hallazgos de campo
R0096,horario_atencion_general,REAL_R0096,test,42,SIMULADO — datos de prueba; no son hallazgos de campo
R0097,redes_sociales_mpsr,REAL_R0097,test,42,SIMULADO — datos de prueba; no son hallazgos de campo
R0098,negar,REAL_R0098,test,42,SIMULADO — datos de prueba; no son hallazgos de campo
R0099,ayuda_chatbot,REAL_R0099,test,42,SIMULADO — datos de prueba; no son hallazgos de campo
R0100,licencia_edificacion_costo,REAL_R0100,validation,42,SIMULADO — datos de prueba; no son hallazgos de campo
R0101,impuesto_alcabala,REAL_R0101,validation,42,SIMULADO — datos de prueba; no son hallazgos de campo
R0102,horario_mesa_partes,REAL_R0102,test,42,SIMULADO — datos de prueba; no son hallazgos de campo
R0103,inspeccion_tecnica,REAL_R0103,validation,42,SIMULADO — datos de prueba; no son hallazgos de campo
R0104,partida_matrimonio,REAL_R0104,test,42,SIMULADO — datos de prueba; no son hallazgos de campo
R0105,reporte_alumbrado_publico,REAL_R0105,validation,42,SIMULADO — datos de prueba; no son hallazgos de campo
R0106,estado_reclamo,REAL_R0106,validation,42,SIMULADO — datos de prueba; no son hallazgos de campo
R0107,ubicacion_oficinas,REAL_R0107,validation,42,SIMULADO — datos de prueba; no son hallazgos de campo
R0109,fuera_de_alcance,REAL_R0109,test,42,SIMULADO — datos de prueba; no son hallazgos de campo
R0110,consulta_no_entendida,REAL_R0110,validation,42,SIMULADO — datos de prueba; no son hallazgos de campo
R0111,licencia_funcionamiento_requisitos,REAL_R0111,test,42,SIMULADO — datos de prueba; no son hallazgos de campo
R0112,renovacion_licencia,REAL_R0112,test,42,SIMULADO — datos de prueba; no son hallazgos de campo
R0113,fraccionamiento_deuda,REAL_R0113,validation,42,SIMULADO — datos de prueba; no son hallazgos de campo
R0114,copia_documento,REAL_R0114,test,42,SIMULADO — datos de prueba; no son hallazgos de campo
R0115,requisitos_defensa_civil,REAL_R0115,validation,42,SIMULADO — datos de prueba; no son hallazgos de campo
R0116,partida_defuncion,REAL_R0116,test,42,SIMULADO — datos de prueba; no son hallazgos de campo
R0117,mantenimiento_parques,REAL_R0117,test,42,SIMULADO — datos de prueba; no son hallazgos de campo
R0118,libro_reclamaciones,REAL_R0118,test,42,SIMULADO — datos de prueba; no son hallazgos de campo
R0119,requisitos_generales,REAL_R0119,test,42,SIMULADO — datos de prueba; no son hallazgos de campo
R0120,despedida,REAL_R0120,test,42,SIMULADO — datos de prueba; no son hallazgos de campo
R0121,fuera_de_alcance,REAL_R0121,test,42,SIMULADO — datos de prueba; no son hallazgos de campo
R0122,repetir_informacion,REAL_R0122,test,42,SIMULADO — datos de prueba; no son hallazgos de campo
R0123,licencia_funcionamiento_costo,REAL_R0123,validation,42,SIMULADO — datos de prueba; no son hallazgos de campo
R0124,consulta_deuda_predial,REAL_R0124,test,42,SIMULADO — datos de prueba; no son hallazgos de campo
R0125,constancia_no_adeudo,REAL_R0125,test,42,SIMULADO — datos de prueba; no son hallazgos de campo
R0126,certificado_posesion,REAL_R0126,validation,42,SIMULADO — datos de prueba; no son hallazgos de campo
R0127,denuncia_seguridad_ciudadana,REAL_R0127,validation,42,SIMULADO — datos de prueba; no son hallazgos de campo
R0128,rectificacion_partida,REAL_R0128,validation,42,SIMULADO — datos de prueba; no son hallazgos de campo
R0129,poda_arboles,REAL_R0129,validation,42,SIMULADO — datos de prueba; no son hallazgos de campo
R0130,queja_atencion,REAL_R0130,validation,42,SIMULADO — datos de prueba; no son hallazgos de campo
R0131,costos_generales,REAL_R0131,test,42,SIMULADO — datos de prueba; no son hallazgos de campo
R0132,agradecimiento,REAL_R0132,test,42,SIMULADO — datos de prueba; no son hallazgos de campo
R0133,fuera_de_alcance,REAL_R0133,validation,42,SIMULADO — datos de prueba; no son hallazgos de campo
R0134,licencia_funcionamiento_plazo,REAL_R0134,test,42,SIMULADO — datos de prueba; no son hallazgos de campo
R0135,pago_predial_como,REAL_R0135,test,42,SIMULADO — datos de prueba; no son hallazgos de campo
R0136,requisitos_mesa_partes,REAL_R0136,validation,42,SIMULADO — datos de prueba; no son hallazgos de campo
R0137,constancia_domiciliaria,REAL_R0137,test,42,SIMULADO — datos de prueba; no son hallazgos de campo
R0138,serenazgo_contacto,REAL_R0138,validation,42,SIMULADO — datos de prueba; no son hallazgos de campo
R0139,requisitos_matrimonio_civil,REAL_R0139,test,42,SIMULADO — datos de prueba; no son hallazgos de campo
R0140,limpieza_via_publica,REAL_R0140,validation,42,SIMULADO — datos de prueba; no son hallazgos de campo
R0141,sugerencia,REAL_R0141,test,42,SIMULADO — datos de prueba; no son hallazgos de campo
R0142,contacto_telefonico,REAL_R0142,test,42,SIMULADO — datos de prueba; no son hallazgos de campo
R0144,hablar_con_persona,REAL_R0144,test,42,SIMULADO — datos de prueba; no son hallazgos de campo
R0145,licencia_edificacion_requisitos,REAL_R0145,test,42,SIMULADO — datos de prueba; no son hallazgos de campo
R0146,pago_arbitrios,REAL_R0146,validation,42,SIMULADO — datos de prueba; no son hallazgos de campo
R0147,estado_tramite,REAL_R0147,test,42,SIMULADO — datos de prueba; no son hallazgos de campo
R0148,certificado_defensa_civil,REAL_R0148,validation,42,SIMULADO — datos de prueba; no son hallazgos de campo
R0149,partida_nacimiento,REAL_R0149,test,42,SIMULADO — datos de prueba; no son hallazgos de campo
R0150,horario_recojo_basura,REAL_R0150,test,42,SIMULADO — datos de prueba; no son hallazgos de campo
R0151,presentar_reclamo,REAL_R0151,test,42,SIMULADO — datos de prueba; no son hallazgos de campo
R0152,horario_atencion_general,REAL_R0152,test,42,SIMULADO — datos de prueba; no son hallazgos de campo
R0153,redes_sociales_mpsr,REAL_R0153,test,42,SIMULADO — datos de prueba; no son hallazgos de campo
R0155,ayuda_chatbot,REAL_R0155,test,42,SIMULADO — datos de prueba; no son hallazgos de campo
R0156,licencia_edificacion_costo,REAL_R0156,test,42,SIMULADO — datos de prueba; no son hallazgos de campo
R0157,horario_mesa_partes,REAL_R0157,validation,42,SIMULADO — datos de prueba; no son hallazgos de campo
R0158,inspeccion_tecnica,REAL_R0158,validation,42,SIMULADO — datos de prueba; no son hallazgos de campo
R0159,partida_matrimonio,REAL_R0159,validation,42,SIMULADO — datos de prueba; no son hallazgos de campo
R0160,reporte_alumbrado_publico,REAL_R0160,validation,42,SIMULADO — datos de prueba; no son hallazgos de campo
R0161,estado_reclamo,REAL_R0161,test,42,SIMULADO — datos de prueba; no son hallazgos de campo
R0162,ubicacion_oficinas,REAL_R0162,test,42,SIMULADO — datos de prueba; no son hallazgos de campo
R0163,saludo,REAL_R0163,test,42,SIMULADO — datos de prueba; no son hallazgos de campo
R0164,fuera_de_alcance,REAL_R0164,validation,42,SIMULADO — datos de prueba; no son hallazgos de campo
R0165,consulta_no_entendida,REAL_R0165,test,42,SIMULADO — datos de prueba; no son hallazgos de campo
R0166,licencia_funcionamiento_requisitos,REAL_R0166,test,42,SIMULADO — datos de prueba; no son hallazgos de campo
R0167,renovacion_licencia,REAL_R0167,test,42,SIMULADO — datos de prueba; no son hallazgos de campo
R0168,fraccionamiento_deuda,REAL_R0168,test,42,SIMULADO — datos de prueba; no son hallazgos de campo
R0169,copia_documento,REAL_R0169,validation,42,SIMULADO — datos de prueba; no son hallazgos de campo
R0170,requisitos_defensa_civil,REAL_R0170,validation,42,SIMULADO — datos de prueba; no son hallazgos de campo
R0171,partida_defuncion,REAL_R0171,validation,42,SIMULADO — datos de prueba; no son hallazgos de campo
R0172,mantenimiento_parques,REAL_R0172,test,42,SIMULADO — datos de prueba; no son hallazgos de campo
R0173,libro_reclamaciones,REAL_R0173,validation,42,SIMULADO — datos de prueba; no son hallazgos de campo
R0174,requisitos_generales,REAL_R0174,validation,42,SIMULADO — datos de prueba; no son hallazgos de campo
R0175,despedida,REAL_R0175,test,42,SIMULADO — datos de prueba; no son hallazgos de campo
R0176,fuera_de_alcance,REAL_R0176,validation,42,SIMULADO — datos de prueba; no son hallazgos de campo
R0177,repetir_informacion,REAL_R0177,test,42,SIMULADO — datos de prueba; no son hallazgos de campo
R0178,licencia_funcionamiento_costo,REAL_R0178,test,42,SIMULADO — datos de prueba; no son hallazgos de campo
R0179,consulta_deuda_predial,REAL_R0179,validation,42,SIMULADO — datos de prueba; no son hallazgos de campo
R0180,constancia_no_adeudo,REAL_R0180,test,42,SIMULADO — datos de prueba; no son hallazgos de campo
R0181,certificado_posesion,REAL_R0181,validation,42,SIMULADO — datos de prueba; no son hallazgos de campo
R0182,denuncia_seguridad_ciudadana,REAL_R0182,test,42,SIMULADO — datos de prueba; no son hallazgos de campo
R0183,rectificacion_partida,REAL_R0183,test,42,SIMULADO — datos de prueba; no son hallazgos de campo
R0184,poda_arboles,REAL_R0184,test,42,SIMULADO — datos de prueba; no son hallazgos de campo
R0185,queja_atencion,REAL_R0185,test,42,SIMULADO — datos de prueba; no son hallazgos de campo
R0186,costos_generales,REAL_R0186,test,42,SIMULADO — datos de prueba; no son hallazgos de campo
R0187,agradecimiento,REAL_R0187,validation,42,SIMULADO — datos de prueba; no son hallazgos de campo
R0188,fuera_de_alcance,REAL_R0188,validation,42,SIMULADO — datos de prueba; no son hallazgos de campo
R0189,licencia_funcionamiento_plazo,REAL_R0189,test,42,SIMULADO — datos de prueba; no son hallazgos de campo
R0190,requisitos_mesa_partes,REAL_R0190,test,42,SIMULADO — datos de prueba; no son hallazgos de campo
R0191,constancia_domiciliaria,REAL_R0191,validation,42,SIMULADO — datos de prueba; no son hallazgos de campo
R0192,serenazgo_contacto,REAL_R0192,test,42,SIMULADO — datos de prueba; no son hallazgos de campo
R0193,requisitos_matrimonio_civil,REAL_R0193,validation,42,SIMULADO — datos de prueba; no son hallazgos de campo
R0194,limpieza_via_publica,REAL_R0194,test,42,SIMULADO — datos de prueba; no son hallazgos de campo
R0195,sugerencia,REAL_R0195,validation,42,SIMULADO — datos de prueba; no son hallazgos de campo
R0196,contacto_telefonico,REAL_R0196,test,42,SIMULADO — datos de prueba; no son hallazgos de campo
R0197,afirmar,REAL_R0197,test,42,SIMULADO — datos de prueba; no son hallazgos de campo
R0198,hablar_con_persona,REAL_R0198,validation,42,SIMULADO — datos de prueba; no son hallazgos de campo
R0199,licencia_edificacion_requisitos,REAL_R0199,validation,42,SIMULADO — datos de prueba; no son hallazgos de campo
R0200,pago_arbitrios,REAL_R0200,test,42,SIMULADO — datos de prueba; no son hallazgos de campo
R0201,estado_tramite,REAL_R0201,test,42,SIMULADO — datos de prueba; no son hallazgos de campo
R0202,certificado_defensa_civil,REAL_R0202,test,42,SIMULADO — datos de prueba; no son hallazgos de campo
R0203,partida_nacimiento,REAL_R0203,validation,42,SIMULADO — datos de prueba; no son hallazgos de campo
R0204,horario_recojo_basura,REAL_R0204,test,42,SIMULADO — datos de prueba; no son hallazgos de campo
R0205,presentar_reclamo,REAL_R0205,validation,42,SIMULADO — datos de prueba; no son hallazgos de campo
R0206,horario_atencion_general,REAL_R0206,validation,42,SIMULADO — datos de prueba; no son hallazgos de campo
R0207,redes_sociales_mpsr,REAL_R0207,test,42,SIMULADO — datos de prueba; no son hallazgos de campo
R0208,negar,REAL_R0208,test,42,SIMULADO — datos de prueba; no son hallazgos de campo
R0209,ayuda_chatbot,REAL_R0209,validation,42,SIMULADO — datos de prueba; no son hallazgos de campo
R0210,impuesto_alcabala,REAL_R0210,test,42,SIMULADO — datos de prueba; no son hallazgos de campo
R0211,horario_mesa_partes,REAL_R0211,validation,42,SIMULADO — datos de prueba; no son hallazgos de campo
R0212,inspeccion_tecnica,REAL_R0212,test,42,SIMULADO — datos de prueba; no son hallazgos de campo
R0213,partida_matrimonio,REAL_R0213,validation,42,SIMULADO — datos de prueba; no son hallazgos de campo
R0214,reporte_alumbrado_publico,REAL_R0214,test,42,SIMULADO — datos de prueba; no son hallazgos de campo
R0215,estado_reclamo,REAL_R0215,validation,42,SIMULADO — datos de prueba; no son hallazgos de campo
R0216,ubicacion_oficinas,REAL_R0216,validation,42,SIMULADO — datos de prueba; no son hallazgos de campo
R0218,fuera_de_alcance,REAL_R0218,test,42,SIMULADO — datos de prueba; no son hallazgos de campo
R0219,consulta_no_entendida,REAL_R0219,validation,42,SIMULADO — datos de prueba; no son hallazgos de campo
R0220,licencia_funcionamiento_requisitos,REAL_R0220,test,42,SIMULADO — datos de prueba; no son hallazgos de campo
R0221,renovacion_licencia,REAL_R0221,validation,42,SIMULADO — datos de prueba; no son hallazgos de campo
R0222,copia_documento,REAL_R0222,validation,42,SIMULADO — datos de prueba; no son hallazgos de campo
R0223,requisitos_defensa_civil,REAL_R0223,test,42,SIMULADO — datos de prueba; no son hallazgos de campo
R0224,partida_defuncion,REAL_R0224,test,42,SIMULADO — datos de prueba; no son hallazgos de campo
R0225,mantenimiento_parques,REAL_R0225,validation,42,SIMULADO — datos de prueba; no son hallazgos de campo
R0226,libro_reclamaciones,REAL_R0226,validation,42,SIMULADO — datos de prueba; no son hallazgos de campo
R0227,requisitos_generales,REAL_R0227,test,42,SIMULADO — datos de prueba; no son hallazgos de campo
R0228,despedida,REAL_R0228,test,42,SIMULADO — datos de prueba; no son hallazgos de campo
R0229,fuera_de_alcance,REAL_R0229,validation,42,SIMULADO — datos de prueba; no son hallazgos de campo
R0230,repetir_informacion,REAL_R0230,test,42,SIMULADO — datos de prueba; no son hallazgos de campo
R0231,licencia_funcionamiento_costo,REAL_R0231,test,42,SIMULADO — datos de prueba; no son hallazgos de campo
R0232,consulta_deuda_predial,REAL_R0232,validation,42,SIMULADO — datos de prueba; no son hallazgos de campo
R0233,constancia_no_adeudo,REAL_R0233,validation,42,SIMULADO — datos de prueba; no son hallazgos de campo
R0234,certificado_posesion,REAL_R0234,test,42,SIMULADO — datos de prueba; no son hallazgos de campo
R0235,rectificacion_partida,REAL_R0235,validation,42,SIMULADO — datos de prueba; no son hallazgos de campo
R0236,poda_arboles,REAL_R0236,test,42,SIMULADO — datos de prueba; no son hallazgos de campo
R0237,queja_atencion,REAL_R0237,test,42,SIMULADO — datos de prueba; no son hallazgos de campo
R0238,costos_generales,REAL_R0238,validation,42,SIMULADO — datos de prueba; no son hallazgos de campo
R0239,agradecimiento,REAL_R0239,test,42,SIMULADO — datos de prueba; no son hallazgos de campo
R0240,fuera_de_alcance,REAL_R0240,test,42,SIMULADO — datos de prueba; no son hallazgos de campo
R0241,licencia_funcionamiento_plazo,REAL_R0241,validation,42,SIMULADO — datos de prueba; no son hallazgos de campo
R0242,pago_predial_como,REAL_R0242,test,42,SIMULADO — datos de prueba; no son hallazgos de campo
R0243,requisitos_mesa_partes,REAL_R0243,validation,42,SIMULADO — datos de prueba; no son hallazgos de campo
R0244,constancia_domiciliaria,REAL_R0244,test,42,SIMULADO — datos de prueba; no son hallazgos de campo
R0245,serenazgo_contacto,REAL_R0245,test,42,SIMULADO — datos de prueba; no son hallazgos de campo
R0246,requisitos_matrimonio_civil,REAL_R0246,test,42,SIMULADO — datos de prueba; no son hallazgos de campo
R0247,limpieza_via_publica,REAL_R0247,test,42,SIMULADO — datos de prueba; no son hallazgos de campo
R0248,sugerencia,REAL_R0248,test,42,SIMULADO — datos de prueba; no son hallazgos de campo
R0249,contacto_telefonico,REAL_R0249,validation,42,SIMULADO — datos de prueba; no son hallazgos de campo
R0250,afirmar,REAL_R0250,validation,42,SIMULADO — datos de prueba; no son hallazgos de campo
R0251,hablar_con_persona,REAL_R0251,test,42,SIMULADO — datos de prueba; no son hallazgos de campo
R0252,licencia_edificacion_requisitos,REAL_R0252,validation,42,SIMULADO — datos de prueba; no son hallazgos de campo
R0253,pago_arbitrios,REAL_R0253,test,42,SIMULADO — datos de prueba; no son hallazgos de campo
R0254,estado_tramite,REAL_R0254,validation,42,SIMULADO — datos de prueba; no son hallazgos de campo
R0255,certificado_defensa_civil,REAL_R0255,test,42,SIMULADO — datos de prueba; no son hallazgos de campo
R0256,partida_nacimiento,REAL_R0256,validation,42,SIMULADO — datos de prueba; no son hallazgos de campo
R0257,horario_recojo_basura,REAL_R0257,validation,42,SIMULADO — datos de prueba; no son hallazgos de campo
R0258,presentar_reclamo,REAL_R0258,validation,42,SIMULADO — datos de prueba; no son hallazgos de campo
R0259,horario_atencion_general,REAL_R0259,test,42,SIMULADO — datos de prueba; no son hallazgos de campo
R0260,redes_sociales_mpsr,REAL_R0260,validation,42,SIMULADO — datos de prueba; no son hallazgos de campo
R0261,negar,REAL_R0261,validation,42,SIMULADO — datos de prueba; no son hallazgos de campo
R0262,ayuda_chatbot,REAL_R0262,validation,42,SIMULADO — datos de prueba; no son hallazgos de campo
R0263,licencia_edificacion_costo,REAL_R0263,test,42,SIMULADO — datos de prueba; no son hallazgos de campo
R0264,impuesto_alcabala,REAL_R0264,validation,42,SIMULADO — datos de prueba; no son hallazgos de campo
R0265,horario_mesa_partes,REAL_R0265,test,42,SIMULADO — datos de prueba; no son hallazgos de campo
R0266,inspeccion_tecnica,REAL_R0266,test,42,SIMULADO — datos de prueba; no son hallazgos de campo
R0267,partida_matrimonio,REAL_R0267,test,42,SIMULADO — datos de prueba; no son hallazgos de campo
R0268,reporte_alumbrado_publico,REAL_R0268,test,42,SIMULADO — datos de prueba; no son hallazgos de campo
R0269,estado_reclamo,REAL_R0269,test,42,SIMULADO — datos de prueba; no son hallazgos de campo
R0270,ubicacion_oficinas,REAL_R0270,test,42,SIMULADO — datos de prueba; no son hallazgos de campo
R0271,saludo,REAL_R0271,validation,42,SIMULADO — datos de prueba; no son hallazgos de campo
R0272,fuera_de_alcance,REAL_R0272,test,42,SIMULADO — datos de prueba; no son hallazgos de campo
R0273,consulta_no_entendida,REAL_R0273,test,42,SIMULADO — datos de prueba; no son hallazgos de campo
